caseid,activity,activity_no,y_acc_sum,z_t,n_t,q_t,h_t,b_t,s_t,v_t,u_t,starttime,endtime,arrival_datetime,start_datetime,end_datetime,start_day,start_hour
0,e,1,0,1.8046905403568423,1.8046905403568423,1.9556091795915285,0.04100000113248825,0.10991863810219792,0.0,0.2267540365286064,0.37767267576329255,1.9556091795915285,2.1823632161201347,2023-01-03 13:18:45,2023-01-03 16:56:04,2023-01-03 22:22:36,Tuesday,16
0,f,2,0,1.8046905403568423,2.1823632161201347,2.33354032621322,0.04100000113248825,0.11017710896059714,0.16645967378677984,0.07490076932012463,0.39253755319998984,2.5,2.5749007693201245,2023-01-03 13:18:45,2023-01-04 06:00:00,2023-01-04 07:47:51,Wednesday,6
0,d,3,0,1.8046905403568423,2.5749007693201245,2.6874362847909836,0.04100000113248825,0.07153551433837078,0.0,1.3209556270776623,1.4334911425485213,2.6874362847909836,4.008391911868646,2023-01-03 13:18:45,2023-01-04 10:29:54,2023-01-05 18:12:05,Wednesday,10
0,b,4,0,1.8046905403568423,4.008391911868646,4.0894454589662175,0.0,0.08105354709757147,0.4105545410337825,0.06386111493794677,0.5554692030693007,4.5,4.563861114937946,2023-01-03 13:18:45,2023-01-06 06:00:00,2023-01-06 07:31:57,Friday,6
0,f,5,0,1.8046905403568423,4.563861114937946,4.723013782547935,0.0820000022649765,0.07715266534501167,0.0,1.0505930190528903,1.2097456866628784,4.723013782547935,5.773606801600825,2023-01-03 13:18:45,2023-01-06 11:21:08,2023-01-07 12:33:59,Friday,11
0,d,6,0,1.8046905403568423,5.773606801600825,6.185016239741135,0.0820000022649765,0.32940943587533367,1.3149837602588654,0.20252449955534005,1.9289176979545157,7.5,7.70252449955534,2023-01-03 13:18:45,2023-01-09 06:00:00,2023-01-09 10:51:38,Monday,6
0,b,7,0,1.8046905403568423,7.702524499555341,0.8433015302282572,0.0820000022649765,0.058777028407939934,0.0,0.07713050289215105,0.21790753356506748,7.843301530228257,7.9204320331204086,2023-01-03 13:18:45,2023-01-09 14:14:21,2023-01-09 16:05:25,Monday,14
0,c,8,0,1.8046905403568423,7.920432033120408,1.0030492153587307,0.0820000022649765,0.0006171799733471229,0.4969507846412693,1.0770156621731597,1.6565836290527525,8.5,9.57701566217316,2023-01-03 13:18:45,2023-01-10 06:00:00,2023-01-11 07:50:54,Tuesday,6
0,d,9,0,1.8046905403568423,9.57701566217316,2.771700077970971,0.04100000113248825,0.15368441466532265,0.0,0.7775900311640643,0.9722744469618753,9.771700077970971,10.549290109135036,2023-01-03 13:18:45,2023-01-11 12:31:14,2023-01-12 07:10:58,Wednesday,12
0,b,10,0,1.8046905403568423,10.549290109135036,3.6187160348839917,0.0,0.06942592574895573,0.0,0.32750888803793715,0.3969348137868929,10.618716034883992,10.946224922921928,2023-01-03 13:18:45,2023-01-12 08:50:57,2023-01-12 16:42:33,Thursday,8
0,b,11,0,1.8046905403568423,10.946224922921928,4.064555972571458,0.0820000022649765,0.03633104738455345,0.4354440274285416,0.01559982332398933,0.569374900402061,11.5,11.515599823323988,2023-01-03 13:18:45,2023-01-13 06:00:00,2023-01-13 06:22:27,Friday,6
1,c,1,0,5.453281169620616,5.453281169620616,5.680194339163452,0.0820000022649765,0.14491316727785972,1.8198056608365478,0.30882994460417,2.3555487749835544,7.5,7.80882994460417,2023-01-07 04:52:43,2023-01-09 06:00:00,2023-01-09 13:24:42,Monday,6
1,b,2,0,5.453281169620616,7.80882994460417,0.951402678901129,0.0,0.1425727342969591,0.0,1.7350603342717013,1.8776330685686604,7.951402678901129,9.68646301317283,2023-01-07 04:52:43,2023-01-09 16:50:01,2023-01-11 10:28:30,Monday,16
2,b,1,0,6.187966580656107,6.187966580656107,6.195420352750605,0.0,0.007453772094498755,1.304579647249395,0.08610390380026536,1.398137323144159,7.5,7.586103903800265,2023-01-07 22:30:40,2023-01-09 06:00:00,2023-01-09 08:03:59,Monday,6
3,b,1,0,6.8782648373470865,6.8782648373470865,0.03537426172351843,0.0,0.1571094243764318,0.46462573827648157,0.005611793539027676,0.627346956191941,7.5,7.505611793539027,2023-01-08 15:04:42,2023-01-09 06:00:00,2023-01-09 06:08:04,Monday,6
4,f,1,0,8.306057866376202,8.306057866376202,1.3758796967530476,0.04100000113248825,0.028821829244357697,0.12412030324695245,0.6066210540739074,0.8005631876977058,8.5,9.106621054073907,2023-01-10 01:20:43,2023-01-10 06:00:00,2023-01-10 20:33:32,Tuesday,6
4,c,2,0,8.306057866376202,9.106621054073909,2.18018877051904,0.04100000113248825,0.03256771531264347,0.3198112294809601,0.175211932646704,0.5685908785727958,9.5,9.675211932646704,2023-01-10 01:20:43,2023-01-11 06:00:00,2023-01-11 10:12:18,Wednesday,6
4,e,3,0,8.306057866376202,9.675211932646704,2.838225500512415,0.0820000022649765,0.08101356560073396,0.0,0.010512327332073449,0.1735258951977839,9.838225500512415,9.848737827844488,2023-01-10 01:20:43,2023-01-11 14:07:02,2023-01-11 14:22:10,Wednesday,14
4,d,4,0,8.306057866376202,9.848737827844488,2.9804854935858476,0.04100000113248825,0.09074766460887139,0.0,0.25684075835309234,0.388588424094452,9.980485493585848,10.23732625193894,2023-01-10 01:20:43,2023-01-11 17:31:53,2023-01-11 23:41:44,Wednesday,17
4,f,5,0,8.306057866376202,10.23732625193894,3.637882772245833,0.12300000339746475,0.277556516909428,0.0,0.29176293509643386,0.6923194554033266,10.637882772245833,10.929645707342267,2023-01-10 01:20:43,2023-01-12 09:18:33,2023-01-12 16:18:41,Thursday,9
4,d,6,0,8.306057866376202,10.929645707342267,4.045784401634846,0.0,0.11613869429257782,0.45421559836515435,0.04133725684231317,0.6116915495000453,11.5,11.541337256842313,2023-01-10 01:20:43,2023-01-13 06:00:00,2023-01-13 06:59:31,Friday,6
4,b,7,0,8.306057866376202,11.541337256842313,4.755672855746427,0.0820000022649765,0.13233559663913835,0.0,0.39409695622184754,0.6084325551259624,11.755672855746427,12.149769811968275,2023-01-10 01:20:43,2023-01-13 12:08:10,2023-01-13 21:35:40,Friday,12
4,c,8,0,8.306057866376202,12.149769811968275,5.254096092778067,0.04100000113248825,0.06332627967730381,2.2459039072219333,0.7489394027984262,3.0991695908301518,14.5,15.248939402798426,2023-01-10 01:20:43,2023-01-16 06:00:00,2023-01-16 23:58:28,Monday,6
4,c,9,0,8.306057866376202,15.248939402798428,1.4942690868680764,0.0820000022649765,0.16332968180467222,0.005730913131923643,0.9431848369334414,1.1942454341350137,15.5,16.44318483693344,2023-01-10 01:20:43,2023-01-17 06:00:00,2023-01-18 04:38:11,Tuesday,6
4,d,10,0,8.306057866376202,16.44318483693344,2.6203478800946876,0.04100000113248825,0.13616304202875926,0.0,0.5218301554226245,0.698993198583872,16.620347880094688,17.14217803551731,2023-01-10 01:20:43,2023-01-18 08:53:18,2023-01-18 21:24:44,Wednesday,8
4,e,11,0,8.306057866376202,17.14217803551731,3.2173435712280742,0.04100000113248825,0.034165534578275876,0.28265642877192576,0.07589486290035392,0.4337168273830438,17.5,17.575894862900356,2023-01-10 01:20:43,2023-01-19 06:00:00,2023-01-19 07:49:17,Thursday,6
4,c,12,0,8.306057866376202,17.575894862900356,3.7198101820311145,0.0,0.14391531913075828,0.0,1.901358854629,2.045274173759758,17.719810182031114,19.621169036660113,2023-01-10 01:20:43,2023-01-19 11:16:31,2023-01-21 08:54:29,Thursday,11
4,c,13,0,8.306057866376202,19.621169036660113,5.854996195685555,0.04100000113248825,0.1928271578929547,1.6450038043144453,0.1758562823583863,2.0546872456982745,21.5,21.675856282358385,2023-01-10 01:20:43,2023-01-23 06:00:00,2023-01-23 10:13:13,Monday,6
4,c,14,0,8.306057866376202,21.67585628235839,0.7669762587781825,0.0820000022649765,0.009119974154817636,0.0,0.9319954724806182,1.0231154489004124,21.766976258778183,22.6989717312588,2023-01-10 01:20:43,2023-01-23 12:24:26,2023-01-24 10:46:31,Monday,12
4,c,15,0,8.306057866376202,22.6989717312588,1.8265291426157866,0.12300000339746475,0.004557407959520208,0.0,0.23866393547805728,0.36622134683504226,22.826529142615787,23.065193078093845,2023-01-10 01:20:43,2023-01-24 13:50:12,2023-01-24 19:33:52,Tuesday,13
4,b,16,0,8.306057866376202,23.065193078093845,2.156246071105155,0.0820000022649765,0.009052990746334588,0.343753928894845,0.08116942217266612,0.5159763440788222,23.5,23.581169422172668,2023-01-10 01:20:43,2023-01-25 06:00:00,2023-01-25 07:56:53,Wednesday,6
5,f,1,0,9.25079835415942,9.25079835415942,2.4629544935080325,0.0820000022649765,0.1301561370836361,0.03704550649196747,0.21398751355398,0.46318915939456007,9.5,9.71398751355398,2023-01-11 00:01:08,2023-01-11 06:00:00,2023-01-11 11:08:08,Wednesday,6
5,d,2,0,9.25079835415942,9.71398751355398,2.7651944097411665,0.04100000113248825,0.010206895054699655,0.0,0.06510211735411342,0.11630901354130133,9.765194409741166,9.83029652709528,2023-01-11 00:01:08,2023-01-11 12:21:52,2023-01-11 13:55:37,Wednesday,12
5,e,3,0,9.25079835415942,9.83029652709528,2.9661490233454035,0.04100000113248825,0.09485249511763445,0.0,0.0008459381706029653,0.13669843442072566,9.966149023345404,9.966994961516006,2023-01-11 00:01:08,2023-01-11 17:11:15,2023-01-11 17:12:28,Wednesday,17
6,b,1,0,12.435361545307705,12.435361545307705,5.633153426697936,0.04100000113248825,0.15679188025774177,1.8668465733020643,0.28078472396719295,2.3454231786594875,14.5,14.780784723967193,2023-01-14 04:26:55,2023-01-16 06:00:00,2023-01-16 12:44:19,Monday,6
7,b,1,0,14.486053449974186,14.486053449974186,0.6644417198413297,0.0820000022649765,0.09638826760216672,0.0,0.0884419619945145,0.2668302318616577,14.66444171984133,14.752883681835844,2023-01-16 05:39:55,2023-01-16 09:56:47,2023-01-16 12:04:09,Monday,9
7,c,2,0,14.486053449974186,14.752883681835844,0.8897136035566398,0.04100000113248825,0.095829920588308,0.0,0.0771776807237436,0.21400760244453987,14.88971360355664,14.966891284280383,2023-01-16 05:39:55,2023-01-16 15:21:11,2023-01-16 17:12:19,Monday,15
7,e,3,0,14.486053449974186,14.966891284280383,1.059872235269271,0.0820000022649765,0.010980948723912361,0.4401277647307289,0.05063781287267727,0.5837465285922949,15.5,15.550637812872678,2023-01-16 05:39:55,2023-01-17 06:00:00,2023-01-17 07:12:55,Tuesday,6
8,c,1,0,15.513188757159138,15.513188757159138,1.7548597344813501,0.04100000113248825,0.20067097618972374,0.0,0.17124997756446247,0.41292095488667446,15.75485973448135,15.926109712045813,2023-01-17 06:18:59,2023-01-17 12:06:59,2023-01-17 16:13:35,Tuesday,12
8,d,2,0,15.513188757159138,15.926109712045813,2.0734679257502187,0.04100000113248825,0.10635821257191723,0.42653207424978135,1.0488786775989107,1.6227689655530977,16.5,17.54887867759891,2023-01-17 06:18:59,2023-01-18 06:00:00,2023-01-19 07:10:23,Wednesday,6
8,c,3,0,15.513188757159138,17.54887867759891,3.6314408740217523,0.0820000022649765,0.0005621941578668089,0.0,0.766059446897842,0.8486216433206853,17.631440874021752,18.397500320919594,2023-01-17 06:18:59,2023-01-19 09:09:16,2023-01-20 03:32:24,Thursday,9
8,e,4,0,15.513188757159138,18.397500320919598,4.5052422232222895,0.04100000113248825,0.06674190117020364,0.0,0.03871618056377958,0.14645808286647147,18.50524222322229,18.543958403786068,2023-01-17 06:18:59,2023-01-20 06:07:32,2023-01-20 07:03:18,Friday,6
8,b,5,0,15.513188757159138,18.543958403786068,4.601137497482924,0.04100000113248825,0.016179092564367482,0.0,0.1903370411222246,0.24751613481908033,18.601137497482924,18.791474538605147,2023-01-17 06:18:59,2023-01-20 08:25:38,2023-01-20 12:59:43,Friday,8
8,f,6,0,15.513188757159138,18.791474538605147,5.03208878477934,0.04100000113248825,0.19961424504170475,2.46791121522066,1.8087210805304041,4.517246541925257,21.5,23.308721080530404,2023-01-17 06:18:59,2023-01-23 06:00:00,2023-01-25 01:24:33,Monday,6
8,e,7,0,15.513188757159138,23.308721080530404,2.3930411211823177,0.04100000113248825,0.04332003951942601,0.10695887881768229,0.7907361295374286,0.9820150490070251,23.5,24.29073612953743,2023-01-17 06:18:59,2023-01-25 06:00:00,2023-01-26 00:58:39,Wednesday,6
8,c,8,0,15.513188757159138,24.29073612953743,3.4312709552569522,0.0820000022649765,0.058534823454546435,0.06872904474304775,0.05145790917490739,0.2607217796374781,24.5,24.551457909174907,2023-01-17 06:18:59,2023-01-26 06:00:00,2023-01-26 07:14:05,Thursday,6
8,b,9,0,15.513188757159138,24.551457909174907,3.7987092012217865,0.0820000022649765,0.1652512897819041,0.0,0.5533228843853617,0.8005741764322423,24.798709201221786,25.35203208560715,2023-01-17 06:18:59,2023-01-26 13:10:08,2023-01-27 02:26:55,Thursday,13
9,e,1,0,15.980409250923474,15.980409250923474,2.122247150725368,0.12300000339746475,0.018837896404428414,0.37775284927463204,0.6352111015976114,1.1548018506741367,16.499999999999996,17.13521110159761,2023-01-17 17:31:47,2023-01-18 05:59:59,2023-01-18 21:14:42,Wednesday,5
10,d,1,0,19.443936101558567,19.443936101558567,5.5823770668182675,0.0820000022649765,0.05644096299472425,1.9176229331817325,0.3824734647348844,2.4385373631763176,21.5,21.882473464734886,2023-01-21 04:39:16,2023-01-23 06:00:00,2023-01-23 15:10:45,Monday,6
10,c,2,0,19.443936101558567,21.882473464734886,0.9655044889813382,0.0820000022649765,0.0010310219814771574,0.0,0.6672492223231539,0.7502802465696076,21.96550448898134,22.632753711304492,2023-01-21 04:39:16,2023-01-23 17:10:19,2023-01-24 09:11:09,Monday,17
10,e,3,0,19.443936101558567,22.632753711304495,1.8631789700101962,0.04100000113248825,0.18942525757321385,0.0,0.061530125766463814,0.2919553844721659,22.863178970010196,22.92470909577666,2023-01-21 04:39:16,2023-01-24 14:42:58,2023-01-24 16:11:34,Tuesday,14
10,c,4,0,19.443936101558567,22.924709095776663,1.9926753144964735,0.0,0.06796621871980948,0.0,0.23810577768772193,0.3060719964075314,22.992675314496474,23.230781092184195,2023-01-21 04:39:16,2023-01-24 17:49:27,2023-01-24 23:32:19,Tuesday,17
10,d,5,0,19.443936101558567,23.230781092184195,2.247751234593988,0.0,0.016970142409792277,0.25224876540601215,1.4594356521276612,1.7286545599434657,23.5,24.95943565212766,2023-01-21 04:39:16,2023-01-25 06:00:00,2023-01-26 17:01:35,Wednesday,6
10,e,6,0,19.443936101558567,24.95943565212766,4.1666283076105906,0.0820000022649765,0.12519265321795633,0.33337169238940945,0.3495350869877839,0.8900994348601262,25.5,25.849535086987785,2023-01-21 04:39:16,2023-01-27 06:00:00,2023-01-27 14:23:19,Friday,6
10,c,7,0,19.443936101558567,25.849535086987785,5.114221179890645,0.04100000113248825,0.2236860917703708,2.385778820109355,3.044074819246588,5.694539732258802,28.5,31.54407481924659,2023-01-21 04:39:16,2023-01-30 06:00:00,2023-02-02 07:03:28,Monday,6
10,d,8,0,19.443936101558567,31.54407481924659,3.7339396735757937,0.0820000022649765,0.1078648520642291,0.0,0.22915101124559997,0.4190158655748056,31.733939673575794,31.963090684821395,2023-01-21 04:39:16,2023-02-02 11:36:52,2023-02-02 17:06:51,Thursday,11
10,d,9,0,19.443936101558567,31.963090684821395,4.238445320246754,0.12300000339746475,0.15235463202789332,0.261554679753246,0.8087532479892001,1.3456625631678043,32.5,33.3087532479892,2023-01-21 04:39:16,2023-02-03 06:00:00,2023-02-04 01:24:36,Friday,6
10,d,10,0,19.443936101558567,33.3087532479892,5.524885571028236,0.0820000022649765,0.13413232077405907,1.9751144289717644,0.4452608519817855,2.636507603992585,35.5,35.945260851981786,2023-01-21 04:39:16,2023-02-06 06:00:00,2023-02-06 16:41:10,Monday,6
10,b,11,0,19.443936101558567,35.945260851981786,1.077794132988764,0.04100000113248825,0.09153327987448977,0.4222058670112361,0.014605414698802667,0.5693445627170168,36.5,36.5146054146988,2023-01-21 04:39:16,2023-02-07 06:00:00,2023-02-07 06:21:01,Tuesday,6
10,f,12,0,19.443936101558567,36.5146054146988,1.919701688160984,0.04100000113248825,0.3640962723296974,0.0,0.27326502049472035,0.6783612939569059,36.919701688160984,37.1929667086557,2023-01-21 04:39:16,2023-02-07 16:04:22,2023-02-07 22:37:52,Tuesday,16
10,e,13,0,19.443936101558567,37.1929667086557,2.4636726638708097,0.0820000022649765,0.18870595295013215,0.03632733612919026,0.02608684753194806,0.333120138876247,37.5,37.52608684753195,2023-01-21 04:39:16,2023-02-08 06:00:00,2023-02-08 06:37:33,Wednesday,6
10,c,14,0,19.443936101558567,37.52608684753195,2.692942617946123,0.04100000113248825,0.12585576928168432,0.0,0.7058871510064813,0.8727429214206538,37.69294261794612,38.3988297689526,2023-01-21 04:39:16,2023-02-08 10:37:50,2023-02-09 03:34:18,Wednesday,10
11,b,1,0,19.75649186202051,19.75649186202051,5.825515289824217,0.04100000113248825,0.02802342667121897,1.6744847101757827,0.33624673791408255,2.079754875893572,21.5,21.83624673791408,2023-01-21 12:09:20,2023-01-23 06:00:00,2023-01-23 14:04:11,Monday,6
11,b,2,0,19.75649186202051,21.83624673791408,0.9846700101674664,0.12300000339746475,0.02542326885592112,0.0,1.1464022731383858,1.2948255453917716,21.984670010167466,23.13107228330585,2023-01-21 12:09:20,2023-01-23 17:37:55,2023-01-24 21:08:44,Monday,17
12,b,1,0,21.23050723226392,21.23050723226392,0.3293127188490459,0.0820000022649765,0.016805484320149725,0.1706872811509541,0.099892894297425,0.3693856620335053,21.5,21.599892894297426,2023-01-22 23:31:55,2023-01-23 06:00:00,2023-01-23 08:23:50,Monday,6
12,b,2,0,21.23050723226392,21.599892894297426,0.6542739872065084,0.0,0.05438109290908132,0.0,0.3606601945335836,0.41504128744266494,21.65427398720651,22.01493418174009,2023-01-22 23:31:55,2023-01-23 09:42:09,2023-01-23 18:21:30,Monday,9
12,f,3,0,21.23050723226392,22.01493418174009,1.2472114981574371,0.04100000113248825,0.19127731528485778,0.25278850184256285,0.017319517762588235,0.5023853360224971,22.5,22.517319517762587,2023-01-22 23:31:55,2023-01-24 06:00:00,2023-01-24 06:24:56,Tuesday,6
13,b,1,0,24.102657684156405,24.102657684156405,3.325459942955092,0.04100000113248825,0.18180225766620012,0.17454005704490783,0.36035813149551044,0.7577004473391067,24.5,24.86035813149551,2023-01-25 20:27:49,2023-01-26 06:00:00,2023-01-26 14:38:54,Thursday,6
13,c,2,0,24.102657684156405,24.860358131495513,3.943825839420814,0.0820000022649765,0.0014677056603244756,0.0,0.8188192375585759,0.9022869454838769,24.943825839420814,25.76264507697939,2023-01-25 20:27:49,2023-01-26 16:39:06,2023-01-27 12:18:12,Thursday,16
13,b,3,0,24.102657684156405,25.76264507697939,4.9005455460466045,0.0820000022649765,0.055900466802237474,0.0,0.008230668249474863,0.14613113731668884,25.900545546046605,25.90877621429608,2023-01-25 20:27:49,2023-01-27 15:36:47,2023-01-27 15:48:38,Friday,15
13,c,4,0,24.102657684156405,25.90877621429608,5.045186572865607,0.04100000113248825,0.09541035743703946,2.4548134271343933,0.5757964593891072,3.167020245093028,28.5,29.075796459389107,2023-01-25 20:27:49,2023-01-30 06:00:00,2023-01-30 19:49:08,Monday,6
13,c,5,0,24.102657684156405,29.075796459389107,1.2281947629689043,0.04100000113248825,0.11139830244730926,0.2718052370310957,0.012037684418848229,0.43624122502974144,29.5,29.51203768441885,2023-01-25 20:27:49,2023-01-31 06:00:00,2023-01-31 06:17:20,Tuesday,6
13,b,6,0,24.102657684156405,29.51203768441885,1.6273331096273367,0.0820000022649765,0.033295422943510775,0.0,0.0014102275878903675,0.11670565279637764,29.627333109627337,29.628743337215226,2023-01-25 20:27:49,2023-01-31 09:03:21,2023-01-31 09:05:23,Tuesday,9
14,c,1,0,26.524594703740597,26.524594703740597,5.952293979098961,0.0,0.4276992753583628,1.547706020901039,0.15420581961997804,2.1296111158793796,28.5,28.65420581961998,2023-01-28 06:35:24,2023-01-30 06:00:00,2023-01-30 09:42:03,Monday,6
14,e,2,0,26.524594703740597,28.654205819619975,0.9015867023117465,0.0820000022649765,0.16538088042679508,0.0,0.01448380800330065,0.26186469069507223,28.901586702311747,28.91607051031505,2023-01-28 06:35:24,2023-01-30 15:38:17,2023-01-30 15:59:08,Monday,15
14,d,3,0,26.524594703740597,28.91607051031505,1.0135553309950005,0.0,0.09748482067995148,0.4864446690049995,0.9475919298192652,1.5315214195042162,29.5,30.447591929819264,2023-01-28 06:35:24,2023-01-31 06:00:00,2023-02-01 04:44:31,Tuesday,6
14,d,4,0,26.524594703740597,30.447591929819264,2.4554392929348623,0.0,0.00784736311559654,0.044560707065137706,0.14174154049100743,0.1941496106717417,30.5,30.641741540491008,2023-01-28 06:35:24,2023-02-01 06:00:00,2023-02-01 09:24:06,Wednesday,6
14,e,5,0,26.524594703740597,30.641741540491005,2.8386850201769604,0.0820000022649765,0.11494347742097938,0.0,0.19954276931596535,0.3964862490019212,30.83868502017696,31.038227789492925,2023-01-28 06:35:24,2023-02-01 14:07:42,2023-02-01 18:55:02,Wednesday,14
14,b,6,0,26.524594703740597,31.038227789492925,3.124092373188585,0.0820000022649765,0.0038645814306845815,0.375907626811415,0.028958326642770132,0.4907305371498462,31.5,31.52895832664277,2023-01-28 06:35:24,2023-02-02 06:00:00,2023-02-02 06:41:41,Thursday,6
14,b,7,0,26.524594703740597,31.528958326642773,3.6569035799959586,0.0820000022649765,0.045945251088209,0.0,1.6485591781149715,1.776504431468157,31.65690357999596,33.30546275811093,2023-01-28 06:35:24,2023-02-02 09:45:56,2023-02-04 01:19:51,Thursday,9
14,c,8,0,26.524594703740597,33.30546275811093,5.46297731025129,0.12300000339746475,0.0345145487429015,2.03702268974871,0.8361996490392749,3.030736890928351,35.50000000000001,36.33619964903928,2023-01-28 06:35:24,2023-02-06 06:00:00,2023-02-07 02:04:07,Monday,6
14,b,9,0,26.524594703740597,36.33619964903928,1.3923753692445047,0.04100000113248825,0.015175719072733952,0.10762463075549533,0.21879178408630437,0.38259213504702194,36.5,36.71879178408631,2023-01-28 06:35:24,2023-02-07 06:00:00,2023-02-07 11:15:03,Tuesday,6
15,c,1,0,27.505433176754394,27.505433176754394,6.569062942304104,0.04100000113248825,0.02262976441722256,0.9309370576958962,0.14095159160212822,1.135518414847735,28.5,28.64095159160213,2023-01-29 06:07:49,2023-01-30 06:00:00,2023-01-30 09:22:58,Monday,6
15,b,2,0,27.505433176754394,28.64095159160213,0.748668805762307,0.04100000113248825,0.06671721302769006,0.0,0.8911032207294479,0.9988204348896262,28.748668805762307,29.639772026491755,2023-01-29 06:07:49,2023-01-30 11:58:04,2023-01-31 09:21:16,Monday,11
16,b,1,0,30.081945280161676,30.081945280161676,2.2113496348872594,0.12300000339746475,0.006404351328117758,0.28865036511274056,0.2756983106549072,0.6937530304932302,30.5,30.775698310654906,2023-01-31 19:58:00,2023-02-01 06:00:00,2023-02-01 12:37:00,Wednesday,6
17,b,1,0,31.73159349155894,31.73159349155894,3.8229555524625205,0.0820000022649765,0.00936205863860492,0.0,0.0035301570724218722,0.09489221797600329,31.82295555246252,31.826485709534943,2023-02-02 11:33:29,2023-02-02 13:45:03,2023-02-02 13:50:08,Thursday,13
17,c,2,0,31.73159349155894,31.826485709534943,4.005724262631041,0.12300000339746475,0.05623854969863086,0.4942757373689588,1.4938720029181933,2.167386293383248,32.5,33.993872002918195,2023-02-02 11:33:29,2023-02-03 06:00:00,2023-02-04 17:51:10,Friday,6
17,e,3,0,31.73159349155894,33.99387200291819,6.11719363663579,0.0820000022649765,0.04132163145262206,1.3828063633642103,0.05015954156404769,1.5562875386458566,35.5,35.55015954156405,2023-02-02 11:33:29,2023-02-06 06:00:00,2023-02-06 07:12:13,Monday,6
17,c,4,0,31.73159349155894,35.55015954156404,0.6691086196230458,0.0820000022649765,0.03694907579402847,0.0,0.07006415234990465,0.18901323040890963,35.669108619623046,35.73917277197295,2023-02-02 11:33:29,2023-02-06 10:03:30,2023-02-06 11:44:24,Monday,10
18,f,1,0,31.964208624679195,31.964208624679195,4.027914234772133,0.04100000113248825,0.02270560896044891,0.4720857652278667,0.029832467894231385,0.5656238432150353,32.5,32.52983246789423,2023-02-02 17:08:27,2023-02-03 06:00:00,2023-02-03 06:42:57,Friday,6
18,b,2,0,31.964208624679195,32.52983246789423,4.6272704913595035,0.0820000022649765,0.01543802120029573,0.0,0.03668533254587967,0.1341233560111519,32.6272704913595,32.66395582390538,2023-02-02 17:08:27,2023-02-03 09:03:16,2023-02-03 09:56:05,Friday,9
18,c,3,0,31.964208624679195,32.66395582390538,4.7657870992056175,0.04100000113248825,0.06083127416774485,0.0,0.6952819960362312,0.7971132713364643,32.76578709920562,33.46106909524185,2023-02-02 17:08:27,2023-02-03 12:22:44,2023-02-04 05:03:56,Friday,12
18,c,4,0,31.964208624679195,33.46106909524185,5.843992724375255,0.0820000022649765,0.30092362686843166,1.656007275624745,0.010134405910088757,2.0490653106682424,35.5,35.51013440591009,2023-02-02 17:08:27,2023-02-06 06:00:00,2023-02-06 06:14:35,Monday,6
18,c,5,0,31.964208624679195,35.51013440591009,0.5561967002310055,0.04100000113248825,0.005062293188433331,0.0,0.9100476105781651,0.9561099048990866,35.556196700231006,36.466244310809174,2023-02-02 17:08:27,2023-02-06 07:20:55,2023-02-07 05:11:23,Monday,7
18,d,6,0,31.964208624679195,36.466244310809174,1.6116587361878487,0.12300000339746475,0.022414421981210617,0.0,0.6756445823025841,0.8210590076812594,36.61165873618785,37.28730331849043,2023-02-02 17:08:27,2023-02-07 08:40:47,2023-02-08 00:53:43,Tuesday,8
18,b,7,0,31.964208624679195,37.28730331849043,2.492529192083275,0.12300000339746475,0.0822258701953822,0.007470807916725164,0.18439598789201886,0.39709266940159094,37.5,37.68439598789202,2023-02-02 17:08:27,2023-02-08 06:00:00,2023-02-08 10:25:31,Wednesday,6
19,b,1,0,32.370661733967616,32.370661733967616,4.841254617217437,0.04100000113248825,0.42959288211733315,0.0,0.6986337217317258,1.1692266049815472,32.84125461721744,33.53988833894916,2023-02-03 02:53:45,2023-02-03 14:11:24,2023-02-04 06:57:26,Friday,14
19,f,2,0,32.370661733967616,33.53988833894916,5.833659262662579,0.12300000339746475,0.17077092031595303,1.6663407373374213,0.01175494000822681,1.971866601059066,35.5,35.511754940008224,2023-02-03 02:53:45,2023-02-06 06:00:00,2023-02-06 06:16:55,Monday,6
19,e,3,0,32.370661733967616,35.51175494000823,0.6355011528109813,0.04100000113248825,0.082746211670265,0.0,0.0007155676965495041,0.12446178049930275,35.63550115281098,35.636216720507534,2023-02-03 02:53:45,2023-02-06 09:15:07,2023-02-06 09:16:09,Monday,9
19,b,4,0,32.370661733967616,35.636216720507534,0.7574602089257567,0.0820000022649765,0.03924348615324692,0.0,0.4491081938317166,0.57035168224994,35.75746020892576,36.206568402757476,2023-02-03 02:53:45,2023-02-06 12:10:44,2023-02-06 22:57:27,Monday,12
19,b,5,0,32.370661733967616,36.206568402757476,1.2606889923361422,0.04100000113248825,0.013120588446174777,0.23931100766385782,1.9986146326972316,2.2920462299397526,36.5,38.49861463269723,2023-02-03 02:53:45,2023-02-07 06:00:00,2023-02-09 05:58:00,Tuesday,6
19,f,6,0,32.370661733967616,38.498614632697226,3.579576113038648,0.04100000113248825,0.03996147920893182,0.0,0.43265366232819125,0.5136151426696113,38.57957611303865,39.01222977536684,2023-02-03 02:53:45,2023-02-09 07:54:35,2023-02-09 18:17:36,Thursday,7
19,b,7,0,32.370661733967616,39.01222977536684,4.197312853785498,0.12300000339746475,0.06208307502119216,0.30268714621450243,1.6255735672904572,2.1133437919236164,39.5,41.12557356729046,2023-02-03 02:53:45,2023-02-10 06:00:00,2023-02-11 21:00:49,Friday,6
19,c,8,0,32.370661733967616,41.12557356729046,6.337077414846554,0.0820000022649765,0.12950384529111653,1.1629225851534457,1.4613956516806104,2.8358220843901494,42.5,43.96139565168061,2023-02-03 02:53:45,2023-02-13 06:00:00,2023-02-14 17:04:24,Monday,6
19,d,9,0,32.370661733967616,43.96139565168061,2.5356311780050973,0.0820000022649765,0.49223552405950793,0.0,1.5781087710296575,2.152344297354142,44.5356311780051,46.11373994903475,2023-02-03 02:53:45,2023-02-15 06:51:18,2023-02-16 20:43:47,Wednesday,6
19,b,10,0,32.370661733967616,46.11373994903475,4.428444139831406,0.0,0.3147041907966558,0.07155586016859417,0.07168372893544736,0.45794377990069735,46.5,46.57168372893545,2023-02-03 02:53:45,2023-02-17 06:00:00,2023-02-17 07:43:13,Friday,6
19,b,11,0,32.370661733967616,46.57168372893545,4.726897469704674,0.0820000022649765,0.07321373850424782,0.0,0.5371444521484098,0.6923581929176341,46.726897469704674,47.264041921853085,2023-02-03 02:53:45,2023-02-17 11:26:43,2023-02-18 00:20:13,Friday,11
19,d,12,0,32.370661733967616,47.26404192185308,5.567729017220671,0.12300000339746475,0.1806870919701273,1.932270982779329,0.0702043430268814,2.3061624211738025,49.5,49.57020434302688,2023-02-03 02:53:45,2023-02-20 06:00:00,2023-02-20 07:41:05,Monday,6
19,b,13,0,32.370661733967616,49.57020434302688,0.6712021598328661,0.0820000022649765,0.01899781454100596,0.0,0.5620675187073167,0.6630653355132992,49.671202159832866,50.23326967854018,2023-02-03 02:53:45,2023-02-20 10:06:31,2023-02-20 23:35:54,Monday,10
20,b,1,0,33.32652912957698,33.32652912957698,5.485819834353059,0.12300000339746475,0.036290701378611775,2.014180165646941,0.06442895762858714,2.2378998280516047,35.5,35.564428957628586,2023-02-04 01:50:12,2023-02-06 06:00:00,2023-02-06 07:32:46,Monday,6
20,b,2,0,33.32652912957698,35.564428957628586,0.7500386801662771,0.0,0.18560972253769026,0.0,0.9323423930118689,1.117952115549559,35.75003868016628,36.68238107317815,2023-02-04 01:50:12,2023-02-06 12:00:03,2023-02-07 10:22:37,Monday,12
21,b,1,0,34.72573258313887,34.72573258313887,6.939977426431675,0.0820000022649765,0.1322448410278265,0.5600225735683253,0.07897682778891997,0.8532442446500483,35.5,35.57897682778892,2023-02-05 11:25:03,2023-02-06 06:00:00,2023-02-06 07:53:43,Monday,6
21,e,2,0,34.72573258313887,35.57897682778892,0.7048166217155369,0.12300000339746475,0.0028397905291489556,0.0,1.9287403714450972,2.054580165371711,35.70481662171554,37.63355699316063,2023-02-05 11:25:03,2023-02-06 10:54:56,2023-02-08 09:12:19,Monday,10
21,f,3,0,34.72573258313887,37.63355699316063,2.7959273729267693,0.0820000022649765,0.0803703775011622,0.0,0.005401221696858015,0.16777160146299674,37.79592737292677,37.80132859462363,2023-02-05 11:25:03,2023-02-08 13:06:08,2023-02-08 13:13:54,Wednesday,13
22,b,1,0,36.30155492913565,36.30155492913565,1.3841367402363716,0.0820000022649765,0.0005818088357446132,0.11586325976362843,0.2097387682767464,0.4081838391410959,36.5,36.70973876827674,2023-02-07 01:14:14,2023-02-07 06:00:00,2023-02-07 11:02:01,Tuesday,6
23,b,1,0,40.563883694968695,40.563883694968695,5.814460240075661,0.0820000022649765,0.1685765428419881,1.685539759924339,0.01733774476960467,1.953454049800908,42.5,42.517337744769605,2023-02-11 07:31:59,2023-02-13 06:00:00,2023-02-13 06:24:57,Monday,6
24,e,1,0,41.432348645083195,41.432348645083195,6.659185214671972,0.04100000113248825,0.18583656845628949,0.8408147853280283,0.2449754177165636,1.3126267726333696,42.5,42.74497541771656,2023-02-12 04:22:34,2023-02-13 06:00:00,2023-02-13 11:52:45,Monday,6
24,d,2,0,41.432348645083195,42.74497541771657,0.8202519940852113,0.04100000113248825,0.0342765752361526,0.0,0.8508349149806218,0.9261114913492626,42.82025199408521,43.671086909065835,2023-02-12 04:22:34,2023-02-13 13:41:09,2023-02-14 10:06:21,Monday,13
24,c,3,0,41.432348645083195,43.67108690906583,1.8303797536159578,0.04100000113248825,0.11829284341763827,0.0,0.08589537545809085,0.24518822000821738,43.83037975361596,43.91627512907405,2023-02-12 04:22:34,2023-02-14 13:55:44,2023-02-14 15:59:26,Tuesday,13
25,b,1,0,43.962677944066655,43.962677944066655,2.167126950391335,0.04100000113248825,0.1634490051921899,0.33287304960866493,0.27317050499255235,0.8104925609258955,44.5,44.77317050499255,2023-02-14 17:06:15,2023-02-15 06:00:00,2023-02-15 12:33:21,Wednesday,6
25,c,2,0,43.962677944066655,44.77317050499255,2.839002664890806,0.04100000113248825,0.02483215876577202,0.0,0.4744629830625821,0.5402951429608424,44.839002664890806,45.313465647953386,2023-02-14 17:06:15,2023-02-15 14:08:09,2023-02-16 01:31:23,Wednesday,14
25,d,3,0,43.962677944066655,45.31346564795339,3.444820997950927,0.04100000113248825,0.09035534886504798,0.05517900204907278,0.07758249829361184,0.26411685034022087,45.5,45.57758249829361,2023-02-14 17:06:15,2023-02-16 06:00:00,2023-02-16 07:51:43,Thursday,6
25,d,4,0,43.962677944066655,45.577582498293616,3.6335358592234,0.04100000113248825,0.014953359797298657,0.0,0.14788239067044504,0.20383575160023193,45.6335358592234,45.78141824989385,2023-02-14 17:06:15,2023-02-16 09:12:17,2023-02-16 12:45:14,Thursday,9
25,f,5,0,43.962677944066655,45.78141824989385,3.925533207523884,0.12300000339746475,0.02111495423257301,0.0,0.6706078091531934,0.8147227667832312,45.925533207523884,46.59614101667708,2023-02-14 17:06:15,2023-02-16 16:12:46,2023-02-17 08:18:26,Thursday,16
26,b,1,0,46.030931634549496,46.030931634549496,4.104111073955437,0.04100000113248825,0.032179438273453084,0.39588892604456305,0.1272724215477008,0.5963407869982051,46.5,46.6272724215477,2023-02-16 18:44:32,2023-02-17 06:00:00,2023-02-17 09:03:16,Friday,6
27,b,1,0,46.7989515430678,46.7989515430678,4.835067268306119,0.0,0.03611572523831787,0.0,0.05063642538403758,0.08675215062235545,46.83506726830612,46.885703693690154,2023-02-17 13:10:29,2023-02-17 14:02:29,2023-02-17 15:15:24,Friday,14
28,f,1,0,49.17436657790106,49.17436657790106,0.3417068694085117,0.0820000022649765,0.0853402892424737,0.1582931305914883,0.103365681170985,0.4289991032699235,49.5,49.603365681170985,2023-02-19 22:11:05,2023-02-20 06:00:00,2023-02-20 08:28:50,Monday,6
28,e,2,0,49.17436657790106,49.603365681170985,0.8591345198070428,0.04100000113248825,0.21476883750357267,0.0,1.1637971492287313,1.4195659878647922,49.85913451980704,51.02293166903577,2023-02-19 22:11:05,2023-02-20 14:37:09,2023-02-21 18:33:01,Monday,14
29,b,1,0,49.54062703557912,49.54062703557912,0.5777374856925519,0.0,0.037110450113434584,0.0,0.09918131429558195,0.13629176440901652,49.57773748569255,49.67691879998814,2023-02-20 06:58:30,2023-02-20 07:51:56,2023-02-20 10:14:45,Monday,7
30,e,1,0,51.310735689034445,51.310735689034445,2.6510224364753654,0.0820000022649765,0.2582867451759415,0.0,0.3405531416116035,0.6808398890525216,51.651022436475365,51.991575578086966,2023-02-22 01:27:27,2023-02-22 09:37:28,2023-02-22 17:47:52,Wednesday,9
31,f,1,0,52.59913019729478,52.59913019729478,3.922447484936775,0.04100000113248825,0.2823172865095103,0.0,0.2614421693605966,0.5847594570025951,52.922447484936775,53.183889654297374,2023-02-23 08:22:44,2023-02-23 16:08:19,2023-02-23 22:24:48,Thursday,16
31,d,2,0,52.59913019729478,53.183889654297374,4.312686248565818,0.0820000022649765,0.04679659200346861,0.18731375143418205,0.20907917649597493,0.5251895221986022,53.5,53.709079176495976,2023-02-23 08:22:44,2023-02-24 06:00:00,2023-02-24 11:01:04,Friday,6
31,d,3,0,52.59913019729478,53.709079176495976,4.982123524117739,0.0820000022649765,0.19104434535678746,0.0,0.9520229749871981,1.2250673226089621,53.98212352411774,54.93414649910494,2023-02-23 08:22:44,2023-02-24 17:34:15,2023-02-25 16:25:10,Friday,17
31,d,4,0,52.59913019729478,54.93414649910494,6.085837191635932,0.04100000113248825,0.11069069139850471,1.4141628083640683,0.6178841878019338,2.183737688696995,56.5,57.117884187801934,2023-02-23 08:22:44,2023-02-27 06:00:00,2023-02-27 20:49:45,Monday,6
31,f,5,0,52.59913019729478,57.117884187801934,1.2393790293022704,0.0820000022649765,0.03949483923535726,0.2606209706977296,0.9495587661258201,1.3316745783238835,57.5,58.44955876612582,2023-02-23 08:22:44,2023-02-28 06:00:00,2023-03-01 04:47:21,Tuesday,6
31,e,6,0,52.59913019729478,58.44955876612582,2.6298876561685347,0.12300000339746475,0.05732888664524923,0.0,0.08321132467319003,0.26354021471590405,58.629887656168535,58.71309898084172,2023-02-23 08:22:44,2023-03-01 09:07:02,2023-03-01 11:06:51,Wednesday,9
31,d,7,0,52.59913019729478,58.71309898084172,3.0959786201975916,0.0820000022649765,0.3008796370908905,0.4040213798024084,0.004553802178566576,0.791454821336842,59.5,59.50455380217856,2023-02-23 08:22:44,2023-03-02 06:00:00,2023-03-02 06:06:33,Thursday,6
31,b,8,0,52.59913019729478,59.50455380217856,3.741870353835722,0.04100000113248825,0.19631655052467203,0.0,0.10440944872826591,0.3417260003854262,59.74187035383572,59.84627980256399,2023-02-23 08:22:44,2023-03-02 11:48:17,2023-03-02 14:18:38,Thursday,11
31,c,9,0,52.59913019729478,59.84627980256399,3.8715426150327943,0.0,0.025262812468802447,0.0,0.020839309524865367,0.04610212199366781,59.871542615032794,59.89238192455766,2023-02-23 08:22:44,2023-03-02 14:55:01,2023-03-02 15:25:01,Thursday,14
31,b,10,0,52.59913019729478,59.89238192455766,3.9461181641322938,0.0,0.053736239574634324,0.0,1.0705965668717323,1.1243328064463667,59.946118164132294,61.01671473100403,2023-02-23 08:22:44,2023-03-02 16:42:24,2023-03-03 18:24:04,Thursday,16
32,b,1,0,53.828953023691774,53.828953023691774,5.087668373225213,0.0820000022649765,0.1767153472684604,2.4123316267747867,0.06689449002233024,2.737941466330554,56.5,56.56689449002233,2023-02-24 13:53:41,2023-02-27 06:00:00,2023-02-27 07:36:19,Monday,6
33,b,1,0,54.14671470005711,54.14671470005711,5.279638176405356,0.0820000022649765,0.05092347408327303,2.2203618235946436,0.22949314043651342,2.5827784403794065,56.5,56.72949314043651,2023-02-24 21:31:16,2023-02-27 06:00:00,2023-02-27 11:30:28,Monday,6
33,f,2,0,54.14671470005711,56.72949314043652,0.8693563876788915,0.04100000113248825,0.09886324610988462,0.0,0.04416979358357737,0.18403304082595023,56.86935638767889,56.91352618126247,2023-02-24 21:31:16,2023-02-27 14:51:52,2023-02-27 15:55:28,Monday,14
33,e,3,0,54.14671470005711,56.91352618126247,1.156256298966838,0.12300000339746475,0.11973011430690304,0.3437437010331621,0.01435173380438551,0.6008255525419154,57.5,57.51435173380438,2023-02-24 21:31:16,2023-02-28 06:00:00,2023-02-28 06:20:39,Tuesday,6
34,b,1,0,55.936621437074805,55.936621437074805,0.1716647273429075,0.12300000339746475,0.11204328687064025,0.3283352726570925,0.05429830313998193,0.6176768660651795,56.5,56.55429830313998,2023-02-26 16:28:44,2023-02-27 06:00:00,2023-02-27 07:18:11,Monday,6
35,e,1,0,60.473360678944175,60.473360678944175,4.547681558513659,0.04100000113248825,0.03332087843699932,0.0,0.7545997918604626,0.8289206714299502,60.54768155851366,61.30228135037412,2023-03-03 05:21:38,2023-03-03 07:08:39,2023-03-04 01:15:17,Friday,7
35,d,2,0,60.473360678944175,61.30228135037412,5.31930777305476,0.0,0.01702642268063946,2.18069222694524,0.36754371838102284,2.565262368006902,63.5,63.86754371838102,2023-03-03 05:21:38,2023-03-06 06:00:00,2023-03-06 14:49:15,Monday,6
35,e,3,0,60.473360678944175,63.86754371838103,0.9928916672018815,0.04100000113248825,0.0843479476883661,0.0,0.004251002656680972,0.12959895147753533,63.99289166720188,63.99714266985856,2023-03-03 05:21:38,2023-03-06 17:49:45,2023-03-06 17:55:53,Monday,17
35,d,4,0,60.473360678944175,63.99714266985856,1.1025224131951603,0.0820000022649765,0.023379741071627158,0.3974775868048397,0.30698865945401926,0.8098459895954626,64.5,64.80698865945402,2023-03-03 05:21:38,2023-03-07 06:00:00,2023-03-07 13:22:03,Tuesday,6
35,d,5,0,60.473360678944175,64.80698865945402,1.9408946042836277,0.04100000113248825,0.09290594369711638,0.0,0.640449197653404,0.7743551424830086,64.94089460428363,65.58134380193704,2023-03-03 05:21:38,2023-03-07 16:34:53,2023-03-08 07:57:08,Tuesday,16
35,f,6,0,60.473360678944175,65.58134380193702,2.876426363611145,0.12300000339746475,0.1720825582766625,0.0,0.28938815679759583,0.584470718471723,65.87642636361115,66.16581452040874,2023-03-03 05:21:38,2023-03-08 15:02:03,2023-03-08 21:58:46,Wednesday,15
35,e,7,0,60.473360678944175,66.16581452040874,3.2347890888197526,0.04100000113248825,0.027974567278519335,0.2652109111802474,1.7926307654896279,2.126816245080883,66.5,68.29263076548963,2023-03-03 05:21:38,2023-03-09 06:00:00,2023-03-11 01:01:23,Thursday,6
35,c,8,0,60.473360678944175,68.29263076548963,5.4835176684051845,0.04100000113248825,0.14988690178306172,2.0164823315948155,1.3159716846493126,3.523340919159678,70.5,71.81597168464931,2023-03-03 05:21:38,2023-03-13 06:00:00,2023-03-14 13:34:59,Monday,6
35,b,9,0,60.473360678944175,71.81597168464931,2.050344301340573,0.04100000113248825,0.1933726155587663,0.4496556986594271,0.24509745249015785,0.9291257678408396,72.5,72.74509745249016,2023-03-03 05:21:38,2023-03-15 06:00:00,2023-03-15 11:52:56,Wednesday,6
35,d,10,0,60.473360678944175,72.74509745249016,2.924420489685275,0.0,0.1793230371951164,0.0,0.7875353086714932,0.9668583458666097,72.92442048968528,73.71195579835677,2023-03-03 05:21:38,2023-03-15 16:11:09,2023-03-16 11:05:12,Wednesday,16
35,d,11,0,60.473360678944175,73.71195579835677,3.960510685969396,0.04100000113248825,0.20755488648013945,0.0,0.4541283235196616,0.7026832111322893,73.9605106859694,74.41463900948906,2023-03-03 05:21:38,2023-03-16 17:03:08,2023-03-17 03:57:04,Thursday,17
35,b,12,0,60.473360678944175,74.41463900948906,4.4584100789370495,0.04100000113248825,0.0027710683154962123,0.04158992106295045,0.3964678084789606,0.48182879898989556,74.5,74.89646780847896,2023-03-03 05:21:38,2023-03-17 06:00:00,2023-03-17 15:30:54,Friday,6
35,f,13,0,60.473360678944175,74.89646780847896,4.9902382680437825,0.0820000022649765,0.011770457299844389,0.0,0.006912489710153166,0.10068294927497405,74.99023826804378,74.99715075775394,2023-03-03 05:21:38,2023-03-17 17:45:56,2023-03-17 17:55:53,Friday,17
35,e,14,0,60.473360678944175,74.99715075775393,5.125433919731364,0.12300000339746475,0.00528315857996727,2.374566080268636,0.370037026881002,2.87288626912707,77.5,77.87003702688101,2023-03-03 05:21:38,2023-03-20 06:00:00,2023-03-20 14:52:51,Monday,6
36,e,1,0,60.72299533682939,60.72299533682939,4.767224515015357,0.04100000113248825,0.0032291770534736927,0.0,0.2662900671771061,0.3105192453630681,60.76722451501536,61.03351458219246,2023-03-03 11:21:06,2023-03-03 12:24:48,2023-03-03 18:48:15,Friday,12
36,d,2,0,60.72299533682939,61.03351458219246,5.2484596296358745,0.0820000022649765,0.13294504517843628,2.2515403703641255,0.525229354223935,2.9917147720314734,63.5,64.02522935422394,2023-03-03 11:21:06,2023-03-06 06:00:00,2023-03-06 18:36:19,Monday,6
36,d,3,0,60.72299533682939,64.02522935422394,1.072844079834823,0.04100000113248825,0.006614724478392731,0.4271559201651769,0.47347419630385285,0.9482448420799108,64.5,64.97347419630385,2023-03-03 11:21:06,2023-03-07 06:00:00,2023-03-07 17:21:48,Tuesday,6
36,e,4,0,60.72299533682939,64.97347419630385,2.1318576734110195,0.04100000113248825,0.11738347597467347,0.3681423265889805,0.056541166661193756,0.583066970357336,65.5,65.55654116666119,2023-03-03 11:21:06,2023-03-08 06:00:00,2023-03-08 07:21:25,Wednesday,6
36,d,5,0,60.72299533682939,65.55654116666119,2.973743360087738,0.04100000113248825,0.3762021922940611,0.0,1.0373674224109963,1.4545696158375456,65.97374336008774,67.01111078249873,2023-03-03 11:21:06,2023-03-08 17:22:11,2023-03-09 18:15:59,Wednesday,17
36,e,6,0,60.72299533682939,67.01111078249873,4.236748958521261,0.04100000113248825,0.1846381748900398,0.263251041478739,2.5947695903182924,3.0836588078195595,67.5,70.0947695903183,2023-03-03 11:21:06,2023-03-10 06:00:00,2023-03-12 20:16:28,Friday,6
37,b,1,0,61.30082040456479,61.30082040456479,5.398521644749351,0.0820000022649765,0.0157012379195881,2.1014783552506486,0.03813558870832375,2.237315184143537,63.5,63.53813558870832,2023-03-04 01:13:10,2023-03-06 06:00:00,2023-03-06 06:54:54,Monday,6
37,f,2,0,61.30082040456479,63.53813558870833,0.6574294144382762,0.0820000022649765,0.03729382346497427,0.0,0.05451901600892817,0.17381284173887895,63.657429414438276,63.7119484304472,2023-03-04 01:13:10,2023-03-06 09:46:41,2023-03-06 11:05:12,Monday,9
37,b,3,0,61.30082040456479,63.71194843044721,0.9179518115299032,0.12300000339746475,0.083003377685227,0.0,0.34123784312484995,0.5472412242075417,63.9179518115299,64.25918965465475,2023-03-04 01:13:10,2023-03-06 16:01:51,2023-03-07 00:13:13,Monday,16
37,d,4,0,61.30082040456479,64.25918965465475,1.7187142208894386,0.04100000113248825,0.41852456510220526,0.0,0.6766020265156195,1.136126592750313,64.71871422088944,65.39531624740506,2023-03-04 01:13:10,2023-03-07 11:14:56,2023-03-08 03:29:15,Tuesday,11
37,d,5,0,61.30082040456479,65.39531624740506,2.6455285041531056,0.04100000113248825,0.20921225561554996,0.0,2.293963098702183,2.5441753554502213,65.6455285041531,67.93949160285528,2023-03-04 01:13:10,2023-03-08 09:29:33,2023-03-10 16:32:52,Wednesday,9
37,e,6,0,61.30082040456479,67.93949160285528,4.993760223166902,0.04100000113248825,0.013268619179129082,0.0,0.31185688295484126,0.3661255032664586,67.9937602231669,68.30561710612174,2023-03-04 01:13:10,2023-03-10 17:51:00,2023-03-11 01:20:05,Friday,17
38,b,1,0,63.19880743639712,63.19880743639712,0.33961668827101477,0.12300000339746475,0.017809248476431432,0.16038331172898523,0.11511205000123123,0.41630461360411264,63.5,63.61511205000123,2023-03-05 22:46:16,2023-03-06 06:00:00,2023-03-06 08:45:45,Monday,6
39,b,1,0,63.71476918179087,63.71476918179087,0.9348127908973751,0.12300000339746475,0.09704360570904037,0.0,0.2777905922944047,0.49783420140090984,63.934812790897375,64.21260338319178,2023-03-06 11:09:16,2023-03-06 16:26:07,2023-03-06 23:06:08,Monday,16
39,d,2,0,63.71476918179087,64.21260338319178,1.2476320088615864,0.0,0.03502862566981499,0.25236799113841357,0.002869003038197424,0.290265619846426,64.5,64.5028690030382,2023-03-06 11:09:16,2023-03-07 06:00:00,2023-03-07 06:04:07,Tuesday,6
39,e,3,0,63.71476918179087,64.5028690030382,1.7639995942795679,0.0820000022649765,0.1791305889763859,0.0,0.054976379494849896,0.3161069707362123,64.76399959427957,64.81897597377441,2023-03-06 11:09:16,2023-03-07 12:20:09,2023-03-07 13:39:19,Tuesday,12
39,d,4,0,63.71476918179087,64.81897597377441,1.884087078561521,0.04100000113248825,0.024111103654617626,0.0,0.5873602972050767,0.6524714019921826,64.88408707856152,65.4714473757666,2023-03-06 11:09:16,2023-03-07 15:13:05,2023-03-08 05:18:53,Tuesday,15
39,b,5,0,63.71476918179087,65.4714473757666,2.5641006139941993,0.0820000022649765,0.010653235962616298,0.0,0.7067422105500681,0.7993954487776609,65.5641006139942,66.27084282454426,2023-03-06 11:09:16,2023-03-08 07:32:18,2023-03-09 00:30:00,Wednesday,7
40,c,1,0,64.95096622314081,64.95096622314081,2.1543704885597776,0.12300000339746475,0.0804042620215033,0.34562951144022236,0.4566831796453559,1.0057169565045463,65.5,65.95668317964535,2023-03-07 16:49:23,2023-03-08 06:00:00,2023-03-08 16:57:37,Wednesday,6
41,b,1,0,65.94349056498476,65.94349056498476,3.0317473574962293,0.04100000113248825,0.04725679137898593,0.46825264250377074,0.4718987432698248,1.0284081782850698,66.5,66.97189874326982,2023-03-08 16:38:37,2023-03-09 06:00:00,2023-03-09 17:19:32,Thursday,6
42,f,1,0,67.41296714639496,67.41296714639496,4.654891749468447,0.04100000113248825,0.20092460194099176,0.0,0.2380205273012145,0.47994513037469455,67.65489174946845,67.89291227676966,2023-03-10 03:54:40,2023-03-10 09:43:02,2023-03-10 15:25:47,Friday,9
42,e,2,0,67.41296714639496,67.89291227676965,4.992454410919294,0.0820000022649765,0.017542131884669666,0.0,0.9211781422763422,1.0207202764259884,67.9924544109193,68.91363255319564,2023-03-10 03:54:40,2023-03-10 17:49:08,2023-03-11 15:55:37,Friday,17
42,d,3,0,67.41296714639496,68.91363255319564,6.166437181301319,0.0820000022649765,0.17080462584070435,1.333562818698681,0.3620565247627751,1.948423971567137,70.5,70.86205652476278,2023-03-10 03:54:40,2023-03-13 06:00:00,2023-03-13 14:41:21,Monday,6
42,c,4,0,67.41296714639496,70.86205652476278,0.9327231699827649,0.0,0.07066664521998833,0.0,1.0063727120666877,1.0770393572866759,70.93272316998276,71.93909588204946,2023-03-10 03:54:40,2023-03-13 16:23:07,2023-03-14 16:32:17,Monday,16
42,d,5,0,67.41296714639496,71.93909588204946,2.0210606342933914,0.04100000113248825,0.04096475111144019,0.47893936570660856,0.029854870631386782,0.5907589885819238,72.5,72.52985487063138,2023-03-10 03:54:40,2023-03-15 06:00:00,2023-03-15 06:42:59,Wednesday,6
42,f,6,0,67.41296714639496,72.52985487063138,2.697748739001838,0.0820000022649765,0.08589386610548434,0.0,0.07868390540127426,0.2465777737717351,72.69774873900184,72.77643264440312,2023-03-10 03:54:40,2023-03-15 10:44:45,2023-03-15 12:38:03,Wednesday,10
42,e,7,0,67.41296714639496,72.77643264440312,2.869484875160495,0.0820000022649765,0.011052228492405952,0.0,1.6084501985783721,1.7015024293357546,72.8694848751605,74.47793507373886,2023-03-10 03:54:40,2023-03-15 14:52:03,2023-03-17 05:28:13,Wednesday,14
42,d,8,0,67.41296714639496,74.47793507373888,4.540133941611089,0.04100000113248825,0.021198866739720698,0.0,0.16016904304633928,0.22236791091854824,74.54013394161109,74.70030298465743,2023-03-10 03:54:40,2023-03-17 06:57:47,2023-03-17 10:48:26,Friday,6
42,d,9,0,67.41296714639496,74.70030298465743,4.8110403828641495,0.04100000113248825,0.06973739707424019,0.0,0.339755864408233,0.4504932626149615,74.81104038286415,75.15079624727238,2023-03-10 03:54:40,2023-03-17 13:27:53,2023-03-17 21:37:08,Friday,13
42,d,10,0,67.41296714639496,75.15079624727238,5.204270756310933,0.04100000113248825,0.012474507906070043,2.295729243689067,0.2527106220845559,2.601914374812181,77.5,77.75271062208455,2023-03-10 03:54:40,2023-03-20 06:00:00,2023-03-20 12:03:54,Monday,6
42,e,11,0,67.41296714639496,77.75271062208456,0.8256714729887449,0.04100000113248825,0.031960849771691204,0.0,0.05403245821523586,0.1269933091194153,77.82567147298874,77.87970393120398,2023-03-10 03:54:40,2023-03-20 13:48:58,2023-03-20 15:06:46,Monday,13
43,b,1,0,67.41869137857663,67.41869137857663,4.43188751495498,0.0,0.013196136378348893,0.06811248504502032,0.5014357657767254,0.5827443872000947,67.5,68.00143576577672,2023-03-10 04:02:54,2023-03-10 06:00:00,2023-03-10 18:02:04,Friday,6
44,e,1,0,68.4534002050754,68.4534002050754,5.5120048047521095,0.04100000113248825,0.017604598544229716,1.9879951952478905,0.011622161392567474,2.0582219563171757,70.5,70.51162216139257,2023-03-11 04:52:53,2023-03-13 06:00:00,2023-03-13 06:16:44,Monday,6
45,b,1,0,69.26045136837847,69.26045136837847,6.416175239926858,0.0820000022649765,0.0737238692834106,1.083824760073142,0.09428542929302969,1.333834060914559,70.5,70.59428542929302,2023-03-12 00:15:02,2023-03-13 06:00:00,2023-03-13 08:15:46,Monday,6
46,b,1,0,71.02046250049088,71.02046250049088,1.1683133879731002,0.04100000113248825,0.10685088634973502,0.33168661202689975,0.3747959239116972,0.8543334234208202,71.5,71.87479592391169,2023-03-13 18:29:27,2023-03-14 06:00:00,2023-03-14 14:59:42,Tuesday,6
47,f,1,0,71.67478756548151,71.67478756548151,1.818993451544543,0.0820000022649765,0.062205883798052024,0.0,0.033408945113768795,0.17761483117679733,71.81899345154454,71.8524023966583,2023-03-14 10:11:41,2023-03-14 13:39:21,2023-03-14 14:27:27,Tuesday,13
47,d,2,0,71.67478756548151,71.8524023966583,1.937505319499607,0.04100000113248825,0.04410292170880619,0.0,0.4168590483720306,0.501961971213325,71.9375053194996,72.35436436787164,2023-03-14 10:11:41,2023-03-14 16:30:00,2023-03-15 02:30:17,Tuesday,16
47,d,3,0,71.67478756548151,72.35436436787163,2.6739926204012363,0.04100000113248825,0.27862825139711944,0.0,0.7118479883740766,1.0314762409036842,72.67399262040124,73.38584060877531,2023-03-14 10:11:41,2023-03-15 10:10:32,2023-03-16 03:15:36,Wednesday,10
47,d,4,0,71.67478756548151,73.38584060877531,3.9003608103616614,0.0820000022649765,0.4325201993213709,0.0,0.17798900345194252,0.6925092050382899,73.90036081036166,74.0783498138136,2023-03-14 10:11:41,2023-03-16 15:36:31,2023-03-16 19:52:49,Thursday,15
47,b,5,0,71.67478756548151,74.0783498138136,4.179045321391243,0.04100000113248825,0.05969550644515819,0.32095467860875715,1.0504654550606494,1.4721156412470529,74.5,75.55046545506065,2023-03-14 10:11:41,2023-03-17 06:00:00,2023-03-18 07:12:40,Friday,6
47,b,6,0,71.67478756548151,75.55046545506066,5.643496662536876,0.04100000113248825,0.05203120634372284,1.8565033374631241,0.05733645447874511,2.0068709994180804,77.5,77.55733645447874,2023-03-14 10:11:41,2023-03-20 06:00:00,2023-03-20 07:22:33,Monday,6
47,c,7,0,71.67478756548151,77.55733645447874,0.6956192944179804,0.0,0.13828283993923696,0.0,1.4429226266673494,1.5812054666065865,77.69561929441798,79.13854192108533,2023-03-14 10:11:41,2023-03-20 10:41:41,2023-03-21 21:19:30,Monday,10
47,d,8,0,71.67478756548151,79.13854192108533,2.2300456541636606,0.04100000113248825,0.05050373194584024,0.26995434583633937,0.011353182934239543,0.3728112618489074,79.5,79.51135318293424,2023-03-14 10:11:41,2023-03-22 06:00:00,2023-03-22 06:16:20,Wednesday,6
47,c,9,0,71.67478756548151,79.51135318293424,2.7183433531813535,0.04100000113248825,0.16599016911461537,0.0,0.7622588588500515,0.9692490290971552,79.71834335318135,80.4806022120314,2023-03-14 10:11:41,2023-03-22 11:14:24,2023-03-23 05:32:04,Wednesday,11
47,c,10,0,71.67478756548151,80.4806022120314,3.8968455515801423,0.04100000113248825,0.37524333841624813,0.0,0.2566638821390443,0.6729072216877807,80.89684555158014,81.1535094337192,2023-03-14 10:11:41,2023-03-23 15:31:27,2023-03-23 21:41:03,Thursday,15
47,d,11,0,71.67478756548151,81.15350943371918,4.297922926951927,0.12300000339746475,0.021413489835280047,0.20207707304807343,0.5277872919154929,0.8742778581963111,81.5,82.02778729191549,2023-03-14 10:11:41,2023-03-24 06:00:00,2023-03-24 18:40:00,Friday,6
47,c,12,0,71.67478756548151,82.02778729191549,5.134308812962985,0.0820000022649765,0.02452151878252179,2.365691187037015,2.5426677704976277,5.014880478582141,84.5,87.04266777049763,2023-03-14 10:11:41,2023-03-27 06:00:00,2023-03-29 19:01:26,Monday,6
47,b,13,0,71.67478756548151,87.04266777049763,3.0467360118345113,0.0,0.004068241336878091,0.45326398816548874,0.22016497189945114,0.677497201401818,87.5,87.72016497189945,2023-03-14 10:11:41,2023-03-30 06:00:00,2023-03-30 11:17:02,Thursday,6
48,f,1,0,73.09148294779791,73.09148294779791,3.179010575291045,0.0820000022649765,0.00552762522815318,0.3209894247089551,0.0247524862769123,0.4332695384789971,73.5,73.52475248627691,2023-03-15 20:11:44,2023-03-16 06:00:00,2023-03-16 06:35:38,Thursday,6
49,b,1,0,74.35478645233123,74.35478645233123,4.477049163534673,0.04100000113248825,0.0812627100709628,0.02295083646532703,0.2793362005180634,0.4245497481868415,74.5,74.77933620051806,2023-03-17 02:30:53,2023-03-17 06:00:00,2023-03-17 12:42:14,Friday,6
49,c,2,0,74.35478645233123,74.77933620051807,4.954619943394121,0.12300000339746475,0.052283739478587776,0.0,0.3285576213041837,0.5038413641802362,74.95461994339412,75.2831775646983,2023-03-17 02:30:53,2023-03-17 16:54:39,2023-03-18 00:47:46,Friday,16
49,e,3,0,74.35478645233123,75.2831775646983,5.335644543232789,0.0,0.052466978534480194,2.164355456767211,0.01879709067485134,2.2356195259765426,77.5,77.51879709067485,2023-03-17 02:30:53,2023-03-20 06:00:00,2023-03-20 06:27:04,Monday,6
49,f,4,0,74.35478645233123,77.51879709067485,0.6809007289318885,0.0820000022649765,0.08010363599206574,0.0,0.15324997095502768,0.3153536092120699,77.68090072893189,77.83415069988692,2023-03-17 02:30:53,2023-03-20 10:20:29,2023-03-20 14:01:10,Monday,10
49,e,5,0,74.35478645233123,77.83415069988692,0.9241443979117037,0.0,0.08999369802478316,0.0,0.2702920957022814,0.3602857937270646,77.9241443979117,78.19443649361399,2023-03-17 02:30:53,2023-03-20 16:10:46,2023-03-20 22:39:59,Monday,16
50,f,1,0,75.19966084984401,75.19966084984401,5.335367928283475,0.04100000113248825,0.09470707730697793,2.1646320717165253,0.45781282188174954,2.7581519720377408,77.5,77.95781282188175,2023-03-17 22:47:30,2023-03-20 06:00:00,2023-03-20 16:59:15,Monday,6
51,b,1,0,75.7947958281928,75.7947958281928,6.08970188497635,0.12300000339746475,0.1719060533860794,1.4102981150236502,0.26253883856520477,1.9677430103723992,77.5,77.7625388385652,2023-03-18 13:04:30,2023-03-20 06:00:00,2023-03-20 12:18:03,Monday,6
51,c,2,0,75.7947958281928,77.7625388385652,0.8642537835788318,0.04100000113248825,0.06071494388113483,0.0,2.0571833683479053,2.1588983133615285,77.86425378357883,79.92143715192674,2023-03-18 13:04:30,2023-03-20 14:44:31,2023-03-22 16:06:52,Monday,14
51,b,3,0,75.7947958281928,79.92143715192674,3.0486447270853603,0.0820000022649765,0.045207572893644125,0.4513552729146397,0.21490183244518046,0.7934646805184408,80.5,80.71490183244518,2023-03-18 13:04:30,2023-03-23 06:00:00,2023-03-23 11:09:27,Thursday,6
52,f,1,0,75.97961928564783,75.97961928564783,6.163449594958138,0.04100000113248825,0.14283030817781567,1.3365504050418622,0.029356474235356308,1.5497371885875224,77.5,77.52935647423536,2023-03-18 17:30:39,2023-03-20 06:00:00,2023-03-20 06:42:16,Monday,6
52,e,2,0,75.97961928564783,77.52935647423536,0.6281220813454524,0.04100000113248825,0.05776560597761329,0.0,1.139110433221832,1.2378760403319335,77.62812208134545,78.76723251456728,2023-03-18 17:30:39,2023-03-20 09:04:29,2023-03-21 12:24:48,Monday,9
52,d,3,0,75.97961928564783,78.7672325145673,1.8659991185819962,0.0820000022649765,0.016766601749726204,0.0,0.25895059522441644,0.35771719923911915,78.865999118582,79.12494971380642,2023-03-18 17:30:39,2023-03-21 14:47:02,2023-03-21 20:59:55,Tuesday,14
52,c,4,0,75.97961928564783,79.12494971380642,2.2976694687791337,0.0820000022649765,0.09071975270774776,0.2023305312208663,0.10762942856271672,0.48267971475630733,79.5,79.60762942856272,2023-03-18 17:30:39,2023-03-22 06:00:00,2023-03-22 08:34:59,Wednesday,6
52,c,5,0,75.97961928564783,79.60762942856272,2.816550450794068,0.12300000339746475,0.08592101883389239,0.0,0.6620784160176013,0.8709994382489584,79.81655045079407,80.47862886681168,2023-03-18 17:30:39,2023-03-22 13:35:49,2023-03-23 05:29:13,Wednesday,13
52,d,6,0,75.97961928564783,80.47862886681168,3.579350492316138,0.04100000113248825,0.059721624371969095,0.0,0.08236752888991344,0.1830891543943708,80.57935049231614,80.66171802120606,2023-03-18 17:30:39,2023-03-23 07:54:15,2023-03-23 09:52:52,Thursday,7
52,b,7,0,75.97961928564783,80.66171802120604,3.782689972207322,0.04100000113248825,0.07997194986879225,0.0,0.747926107236359,0.8688980582376395,80.78268997220732,81.53061607944367,2023-03-18 17:30:39,2023-03-23 12:47:04,2023-03-24 06:44:05,Thursday,12
53,f,1,0,78.52761061362706,78.52761061362706,1.7639383860745,0.0820000022649765,0.1543277701824681,0.0,0.45781562244086593,0.6941433948883106,78.7639383860745,79.22175400851536,2023-03-21 06:39:45,2023-03-21 12:20:04,2023-03-21 23:19:19,Tuesday,12
53,e,2,0,78.52761061362706,79.22175400851538,2.5729429334475498,0.04100000113248825,0.31018892379967966,0.0,0.19342302624097946,0.5446119511731473,79.57294293344755,79.76636595968853,2023-03-21 06:39:45,2023-03-22 07:45:02,2023-03-22 12:23:34,Wednesday,7
53,d,3,0,78.52761061362706,79.76636595968853,2.875056491226175,0.04100000113248825,0.06769053040515201,0.0,0.5299137647234096,0.6386042962610499,79.87505649122618,80.40497025594958,2023-03-21 06:39:45,2023-03-22 15:00:04,2023-03-23 03:43:09,Wednesday,15
53,f,4,0,78.52761061362706,80.40497025594958,3.5245049734741514,0.04100000113248825,0.0785347163920853,0.0,0.00981380316536613,0.12934852068993968,80.52450497347415,80.53431877663952,2023-03-21 06:39:45,2023-03-23 06:35:17,2023-03-23 06:49:25,Thursday,6
54,b,1,0,79.85636443439289,79.85636443439289,2.9641231200491944,0.0,0.1077586856563065,0.0,0.01800839302272515,0.12576707867903164,79.9641231200492,79.98213151307192,2023-03-22 14:33:09,2023-03-22 17:08:20,2023-03-22 17:34:16,Wednesday,17
54,d,2,0,79.85636443439289,79.98213151307192,3.422737750424659,0.0,0.4406062373527392,0.077262249575341,0.2197368172343296,0.7376053041624098,80.5,80.71973681723433,2023-03-22 14:33:09,2023-03-23 06:00:00,2023-03-23 11:16:25,Thursday,6
54,c,3,0,79.85636443439289,80.71973681723433,3.797349337837659,0.0,0.07761252060332204,0.0,0.020050117423417994,0.09766263802674002,80.79734933783766,80.81739945526108,2023-03-22 14:33:09,2023-03-23 13:08:10,2023-03-23 13:37:03,Thursday,13
54,d,4,0,79.85636443439289,80.81739945526107,3.8609031843330825,0.0,0.04350372907201279,0.0,0.11105811285950655,0.15456184193151934,80.86090318433308,80.97196129719259,2023-03-22 14:33:09,2023-03-23 14:39:42,2023-03-23 17:19:37,Thursday,14
54,c,5,0,79.85636443439289,80.97196129719259,4.031468463444483,0.04100000113248825,0.01850716511939821,0.46853153655551694,0.12609772788716792,0.6541364306945713,81.5,81.62609772788717,2023-03-22 14:33:09,2023-03-24 06:00:00,2023-03-24 09:01:34,Friday,6
54,b,6,0,79.85636443439289,81.62609772788717,4.887769518137489,0.0820000022649765,0.1796717879853467,0.0,0.00033966040345304293,0.26201145065377623,81.88776951813749,81.88810917854094,2023-03-22 14:33:09,2023-03-24 15:18:23,2023-03-24 15:18:52,Friday,15
55,d,1,0,84.81573572598161,84.81573572598161,1.109705175131026,0.0820000022649765,0.2119694468844414,0.39029482486897393,1.102959356464102,1.7872236304824938,85.5,86.6029593564641,2023-03-27 13:34:39,2023-03-28 06:00:00,2023-03-29 08:28:15,Tuesday,6
55,e,2,0,84.81573572598161,86.60295935646411,2.7530236382446134,0.04100000113248825,0.10906428064801345,0.0,0.28964025667763543,0.4397045384581371,86.75302363824461,87.04266389492224,2023-03-27 13:34:39,2023-03-29 12:04:21,2023-03-29 19:01:26,Wednesday,12
55,f,3,0,84.81573572598161,87.04266389492224,3.7933020481551836,0.04100000113248825,0.7096381521004488,0.0,0.10143246261168791,0.852070615844625,87.79330204815518,87.89473451076687,2023-03-27 13:34:39,2023-03-30 13:02:21,2023-03-30 15:28:25,Thursday,13
55,e,4,0,84.81573572598161,87.89473451076687,3.9761742145455656,0.04100000113248825,0.04043970264620838,0.0,0.017820830382540585,0.09926053416123723,87.97617421454557,87.99399504492811,2023-03-27 13:34:39,2023-03-30 17:25:41,2023-03-30 17:51:21,Thursday,17
56,e,1,0,89.24778433037748,89.24778433037748,5.298969465126902,0.04100000113248825,0.010185133616922276,2.201030534873098,0.20037003725290414,2.452585706875413,91.5,91.70037003725291,2023-03-31 23:56:48,2023-04-03 06:00:00,2023-04-03 10:48:31,Monday,6
57,f,1,0,90.4216505348351,90.4216505348351,6.514564231188231,0.0820000022649765,0.010913694088161232,0.9854357688117688,0.9500887240544534,2.0284381892193597,91.5,92.45008872405445,2023-04-02 04:07:10,2023-04-03 06:00:00,2023-04-04 04:48:07,Monday,6
57,e,2,0,90.4216505348351,92.45008872405445,1.54052863730017,0.04100000113248825,0.04943991211322499,0.0,0.1360731576424226,0.22651307088813583,92.54052863730017,92.6766017949426,2023-04-02 04:07:10,2023-04-04 06:58:21,2023-04-04 10:14:18,Tuesday,6
57,d,3,0,90.4216505348351,92.67660179494258,1.8990539709286196,0.0820000022649765,0.14045217372105168,0.0,0.06635187033585573,0.2888040463218839,92.89905397092862,92.96540584126447,2023-04-02 04:07:10,2023-04-04 15:34:38,2023-04-04 17:10:11,Tuesday,15
57,d,4,0,90.4216505348351,92.96540584126447,2.1781288191987613,0.04100000113248825,0.17172297680180584,0.32187118080123867,0.18987000693864164,0.7244641656741744,93.5,93.68987000693865,2023-04-02 04:07:10,2023-04-05 06:00:00,2023-04-05 10:33:24,Wednesday,6
57,e,5,0,90.4216505348351,93.68987000693865,2.815108138638422,0.04100000113248825,0.08423813056728044,0.0,0.29500207406444356,0.4202402057642123,93.81510813863842,94.11011021270286,2023-04-02 04:07:10,2023-04-05 13:33:45,2023-04-05 20:38:33,Wednesday,13
57,d,6,0,90.4216505348351,94.11011021270286,3.245283030830109,0.04100000113248825,0.09417281699475163,0.25471696916989117,0.08662167290878918,0.4765114602059203,94.5,94.58662167290879,2023-04-02 04:07:10,2023-04-06 06:00:00,2023-04-06 08:04:44,Thursday,6
57,b,7,0,90.4216505348351,94.58662167290879,3.7559294232377454,0.12300000339746475,0.046307746931491846,0.0,1.4679802501593038,1.6372880004882604,94.75592942323775,96.22390967339705,2023-04-02 04:07:10,2023-04-06 12:08:32,2023-04-07 23:22:25,Thursday,12
57,c,8,0,90.4216505348351,96.22390967339705,5.379230454574142,0.04100000113248825,0.11432078004460716,2.1207695454258584,0.008006574562882967,2.284096901165837,98.5,98.50800657456288,2023-04-02 04:07:10,2023-04-10 06:00:00,2023-04-10 06:11:31,Monday,6
57,b,9,0,90.4216505348351,98.50800657456288,0.594329263540132,0.04100000113248825,0.04532268784475239,0.0,0.25178066317206893,0.3381033521493096,98.59432926354013,98.8461099267122,2023-04-02 04:07:10,2023-04-10 08:15:50,2023-04-10 14:18:23,Monday,8
58,b,1,0,91.2304817829364,91.2304817829364,0.39449702206420056,0.0820000022649765,0.08201523686283324,0.10550297793579944,0.34583147548762827,0.6153496925512374,91.5,91.84583147548763,2023-04-02 23:31:53,2023-04-03 06:00:00,2023-04-03 14:17:59,Monday,6
58,d,2,0,91.2304817829364,91.84583147548763,0.9161972155087881,0.0,0.07036574002116369,0.0,0.10697123711880893,0.17733697713997262,91.91619721550879,92.0231684526276,2023-04-02 23:31:53,2023-04-03 15:59:19,2023-04-03 18:33:21,Monday,15
58,c,3,0,91.2304817829364,92.0231684526276,1.2388098636313316,0.12300000339746475,0.09264140760626755,0.2611901363686684,0.4747374080052,0.9515689553776007,92.5,92.9747374080052,2023-04-02 23:31:53,2023-04-04 06:00:00,2023-04-04 17:23:37,Tuesday,6
59,e,1,0,92.86263856244936,92.86263856244936,2.01439311786082,0.0820000022649765,0.0697545531464839,0.48560688213918013,0.05265993588638597,0.6900213734370265,93.5,93.55265993588638,2023-04-04 14:42:11,2023-04-05 06:00:00,2023-04-05 07:15:49,Wednesday,6
60,b,1,0,93.09364624738492,93.09364624738492,2.225147714634872,0.0,0.1315014672499511,0.27485228536512807,0.21483450629171788,0.6211882589067971,93.5,93.71483450629172,2023-04-04 20:14:51,2023-04-05 06:00:00,2023-04-05 11:09:21,Wednesday,6
60,b,2,0,93.09364624738492,93.71483450629172,2.9398481544634762,0.0820000022649765,0.14301364590678292,0.0,3.9049864490169788,4.130000097188738,93.93984815446348,97.84483460348045,2023-04-04 20:14:51,2023-04-05 16:33:22,2023-04-09 14:16:33,Wednesday,16
60,f,3,0,93.09364624738492,97.84483460348046,6.988096235830213,0.0820000022649765,0.06126163008476837,0.5119037641697872,0.028730205406618328,0.6838956019261504,98.5,98.52873020540662,2023-04-04 20:14:51,2023-04-10 06:00:00,2023-04-10 06:41:22,Monday,6
60,d,4,0,93.09364624738492,98.52873020540662,0.5849188933617455,0.04100000113248825,0.015188686822640365,0.0,0.013163440419074992,0.06935212837420361,98.58491889336175,98.59808233378082,2023-04-04 20:14:51,2023-04-10 08:02:16,2023-04-10 08:21:14,Monday,8
60,d,5,0,93.09364624738492,98.59808233378082,0.8612626323168797,0.04100000113248825,0.22218029740357412,0.0,2.495376711417611,2.758557009953673,98.86126263231688,101.35663934373449,2023-04-04 20:14:51,2023-04-10 14:40:13,2023-04-13 02:33:33,Monday,14
60,f,6,0,93.09364624738492,101.3566393437345,3.592878773875526,0.12300000339746475,0.1132394267435567,0.0,0.26749800614025643,0.5037374362812779,101.59287877387553,101.86037678001578,2023-04-04 20:14:51,2023-04-13 08:13:44,2023-04-13 14:38:56,Thursday,8
60,c,7,0,93.09364624738492,101.86037678001578,3.991824531723026,0.0820000022649765,0.04944774944226266,0.0,1.0207946659209044,1.1522424176281436,101.99182453172303,103.01261919764393,2023-04-04 20:14:51,2023-04-13 17:48:13,2023-04-14 18:18:10,Thursday,17
60,b,8,0,93.09364624738492,103.01261919764393,5.047629342981949,0.0,0.035010145338025385,2.452370657018051,0.589204923867483,3.076585726223559,105.5,106.08920492386748,2023-04-04 20:14:51,2023-04-17 06:00:00,2023-04-17 20:08:27,Monday,6
60,c,9,0,93.09364624738492,106.08920492386748,1.2284815849259871,0.0820000022649765,0.05727665879353332,0.27151841507401286,0.6138967637299582,1.024691839862481,106.5,107.11389676372995,2023-04-04 20:14:51,2023-04-18 06:00:00,2023-04-18 20:44:00,Tuesday,6
60,b,10,0,93.09364624738492,107.11389676372997,2.1837436596258186,0.04100000113248825,0.028846894763364526,0.3162563403741814,0.217637555118503,0.6037407913885372,107.5,107.7176375551185,2023-04-04 20:14:51,2023-04-19 06:00:00,2023-04-19 11:13:23,Wednesday,6
60,c,11,0,93.09364624738492,107.7176375551185,2.8289706707627147,0.04100000113248825,0.07033311451172833,0.0,0.38340735377537266,0.49474046941958927,107.82897067076271,108.21237802453808,2023-04-04 20:14:51,2023-04-19 13:53:43,2023-04-19 23:05:49,Wednesday,13
60,d,12,0,93.09364624738492,108.21237802453808,3.2714497359314976,0.04100000113248825,0.018071710260925706,0.22855026406850243,0.12417000091484252,0.4117919763767589,108.5,108.62417000091484,2023-04-04 20:14:51,2023-04-20 06:00:00,2023-04-20 08:58:48,Thursday,6
60,d,13,0,93.09364624738492,108.62417000091484,3.68556180637367,0.0,0.06139180545882497,0.0,0.6062301455686385,0.6676219510274635,108.68556180637367,109.29179195194232,2023-04-04 20:14:51,2023-04-20 10:27:12,2023-04-21 01:00:10,Thursday,10
60,d,14,0,93.09364624738492,109.29179195194232,4.475605207781996,0.0820000022649765,0.10181325357469952,0.024394792218004113,0.466181387053666,0.6743894351113462,109.5,109.96618138705367,2023-04-04 20:14:51,2023-04-21 06:00:00,2023-04-21 17:11:18,Friday,6
60,b,15,0,93.09364624738492,109.96618138705367,5.166234090112155,0.0820000022649765,0.11805270079351533,2.3337659098878447,0.24316606248491432,2.7769846754312506,112.5,112.74316606248492,2023-04-04 20:14:51,2023-04-24 06:00:00,2023-04-24 11:50:09,Monday,6
61,b,1,0,93.72525665410205,93.72525665410205,2.770555219711852,0.04100000113248825,0.004298564477306349,0.0,0.17281709246337115,0.21811565807316574,93.77055521971185,93.94337231217523,2023-04-05 11:24:22,2023-04-05 12:29:35,2023-04-05 16:38:27,Wednesday,12
62,f,1,0,94.61884315830405,94.61884315830405,3.690327793126599,0.04100000113248825,0.03048463369006642,0.0,0.15786767471098567,0.22935230953354035,94.6903277931266,94.84819546783758,2023-04-06 08:51:08,2023-04-06 10:34:04,2023-04-06 14:21:24,Thursday,10
62,d,2,0,94.61884315830405,94.84819546783758,3.929240259871179,0.0,0.08104479203359809,0.0,0.17873745685263917,0.25978224888623724,94.92924025987118,95.10797771672382,2023-04-06 08:51:08,2023-04-06 16:18:06,2023-04-06 20:35:29,Thursday,16
62,b,3,0,94.61884315830405,95.10797771672382,4.227591014540735,0.04100000113248825,0.07861329668441752,0.27240898545926484,0.5331119084981555,0.9251341917743261,95.5,96.03311190849816,2023-04-06 08:51:08,2023-04-07 06:00:00,2023-04-07 18:47:40,Friday,6
63,e,1,0,95.07002045513315,95.07002045513315,4.353563627904677,0.0820000022649765,0.2015431705065558,0.146436372095323,0.3137935482907687,0.7437730931576241,95.5,95.81379354829077,2023-04-06 19:40:49,2023-04-07 06:00:00,2023-04-07 13:31:51,Friday,6
64,b,1,0,95.3438788564985,95.3438788564985,4.464069132829991,0.0820000022649765,0.038190274066505686,0.03593086717000915,0.4132535734823266,0.5693747169838179,95.5,95.91325357348232,2023-04-07 02:15:11,2023-04-07 06:00:00,2023-04-07 15:55:05,Friday,6
65,f,1,0,96.14793477474905,96.14793477474905,5.262450209577807,0.0820000022649765,0.03251543256378452,2.237549790422193,0.06602505398479445,2.4180902792357486,98.5,98.56602505398479,2023-04-07 21:33:01,2023-04-10 06:00:00,2023-04-10 07:35:04,Monday,6
65,e,2,0,96.14793477474905,98.56602505398479,0.7474556234816845,0.04100000113248825,0.14043056836440898,0.0,0.051057787228006676,0.23248835672490392,98.74745562348168,98.79851341070969,2023-04-07 21:33:01,2023-04-10 11:56:20,2023-04-10 13:09:51,Monday,11
65,c,3,0,96.14793477474905,98.79851341070969,1.0395417445570274,0.0820000022649765,0.15902833158236757,0.4604582554429726,0.7671966328255434,1.4686832221158599,99.5,100.26719663282555,2023-04-07 21:33:01,2023-04-11 06:00:00,2023-04-12 00:24:45,Tuesday,6
65,d,4,0,96.14793477474905,100.26719663282555,2.4610660534124946,0.0820000022649765,0.11186941832197027,0.038933946587505375,0.28724044436252727,0.5200438115369794,100.5,100.78724044436252,2023-04-07 21:33:01,2023-04-12 06:00:00,2023-04-12 12:53:37,Wednesday,6
65,e,5,0,96.14793477474905,100.78724044436252,2.922321683893159,0.0820000022649765,0.053081237265654065,0.0,0.14096833820622562,0.2760495777368562,100.92232168389316,101.06329002209938,2023-04-07 21:33:01,2023-04-12 16:08:08,2023-04-12 19:31:08,Wednesday,16
66,b,1,0,96.64306280781156,96.64306280781156,5.929433265282469,0.04100000113248825,0.2453704563384228,1.5705667347175307,0.048363760653918446,1.9053009528423603,98.5,98.54836376065391,2023-04-08 09:26:00,2023-04-10 06:00:00,2023-04-10 07:09:38,Monday,6
67,b,1,0,96.7590318319841,96.7590318319841,5.867577260726108,0.0820000022649765,0.026545426477032,1.632422739273892,0.01507585686283148,1.756044024878732,98.5,98.51507585686284,2023-04-08 12:13:00,2023-04-10 06:00:00,2023-04-10 06:21:42,Monday,6
67,b,2,0,96.7590318319841,98.51507585686284,0.6568692039199107,0.0820000022649765,0.059793344792102396,0.0,5.839380746406782,5.981174093463861,98.65686920391991,104.4962499503267,2023-04-08 12:13:00,2023-04-10 09:45:53,2023-04-16 05:54:35,Monday,9
67,c,3,0,96.7590318319841,104.4962499503267,6.676070116814927,0.12300000339746475,0.05682016309076494,0.8239298831850732,0.2886374075666413,1.2923874572399443,105.5,105.78863740756664,2023-04-08 12:13:00,2023-04-17 06:00:00,2023-04-17 12:55:38,Monday,6
67,b,4,0,96.7590318319841,105.78863740756664,0.833964760127273,0.04100000113248825,0.004327351428138636,0.0,0.3016855029848239,0.34701285554545075,105.83396476012727,106.1356502631121,2023-04-08 12:13:00,2023-04-17 14:00:54,2023-04-17 21:15:20,Monday,14
68,e,1,0,98.51278477509314,98.51278477509314,0.9221183919420923,0.0820000022649765,0.32733361458397175,0.0,0.37964255165448396,0.7889761685034322,98.92211839194209,99.30176094359658,2023-04-10 06:18:24,2023-04-10 16:07:51,2023-04-11 01:14:32,Monday,16
69,b,1,0,98.5264648733614,98.5264648733614,0.7105570066061659,0.0820000022649765,0.10209213097978438,0.0,0.5979818187407807,0.7820739519855415,98.71055700660617,99.30853882534694,2023-04-10 06:38:06,2023-04-10 11:03:12,2023-04-11 01:24:17,Monday,11
70,b,1,0,100.0253035782658,100.0253035782658,2.1965003963680516,0.0820000022649765,0.0891968158372713,0.3034996036319484,0.33031109565778294,0.8050075173919791,100.5,100.83031109565778,2023-04-11 18:36:26,2023-04-12 06:00:00,2023-04-12 13:55:38,Wednesday,6
70,c,2,0,100.0253035782658,100.83031109565779,2.9099086674923456,0.04100000113248825,0.03859757070206007,0.0,0.22620613403142673,0.30580370586597505,100.90990866749235,101.13611480152377,2023-04-11 18:36:26,2023-04-12 15:50:16,2023-04-12 21:16:00,Wednesday,15
70,b,3,0,100.0253035782658,101.13611480152376,3.3409539022703143,0.04100000113248825,0.1638390996140651,0.1590460977296857,0.12449500658119689,0.4883802050574359,101.5,101.6244950065812,2023-04-11 18:36:26,2023-04-13 06:00:00,2023-04-13 08:59:16,Thursday,6
70,b,4,0,100.0253035782658,101.6244950065812,3.759437400627945,0.0820000022649765,0.052942391781765914,0.0,0.6282151340597746,0.763157528106517,101.75943740062795,102.38765253468772,2023-04-11 18:36:26,2023-04-13 12:13:35,2023-04-14 03:18:13,Thursday,12
70,c,5,0,100.0253035782658,102.38765253468772,4.60045018628567,0.12300000339746475,0.08979764820049464,0.0,0.043599437204533256,0.2563970888024926,102.60045018628567,102.6440496234902,2023-04-11 18:36:26,2023-04-14 08:24:38,2023-04-14 09:27:25,Friday,8
70,e,6,0,100.0253035782658,102.6440496234902,4.759251799043298,0.0820000022649765,0.03320217328811813,0.0,0.3073377995252482,0.42253997507834284,102.7592517990433,103.06658959856854,2023-04-11 18:36:26,2023-04-14 12:13:19,2023-04-14 19:35:53,Friday,12
70,c,7,0,100.0253035782658,103.06658959856854,5.116640410190612,0.04100000113248825,0.00905081048958351,2.3833595898093876,1.420716783736974,3.8541271851684336,105.5,106.92071678373698,2023-04-11 18:36:26,2023-04-17 06:00:00,2023-04-18 16:05:49,Monday,6
70,b,8,0,100.0253035782658,106.92071678373698,2.1388740637264334,0.04100000113248825,0.1771572788569645,0.3611259362735666,0.5025825968574364,1.081865813120456,107.5,108.00258259685744,2023-04-11 18:36:26,2023-04-19 06:00:00,2023-04-19 18:03:43,Wednesday,6
70,c,9,0,100.0253035782658,108.00258259685744,3.014870768334518,0.0,0.01228817147708114,0.48512923166548205,0.4983313563077496,0.9957487594503128,108.5,108.99833135630774,2023-04-11 18:36:26,2023-04-20 06:00:00,2023-04-20 17:57:35,Thursday,6
70,d,10,0,100.0253035782658,108.99833135630774,4.007663198589924,0.0,0.00933184228217913,0.49233680141007596,0.08071090187216667,0.5823795455644217,109.5,109.58071090187217,2023-04-11 18:36:26,2023-04-21 06:00:00,2023-04-21 07:56:13,Friday,6
70,c,11,0,100.0253035782658,109.58071090187217,4.727444017872031,0.04100000113248825,0.10573311486738046,0.0,0.8710252494247861,1.0177583654246547,109.72744401787203,110.59846926729682,2023-04-11 18:36:26,2023-04-21 11:27:31,2023-04-22 08:21:47,Friday,11
70,d,12,0,100.0253035782658,110.59846926729682,5.7586379679653135,0.0,0.16016870066849057,1.7413620320346865,0.09271698726760938,1.9942477199707866,112.5,112.59271698726761,2023-04-11 18:36:26,2023-04-24 06:00:00,2023-04-24 08:13:30,Monday,6
70,f,13,0,100.0253035782658,112.59271698726761,0.9884268378618515,0.0820000022649765,0.31370984832927457,0.0,0.6016978009894918,0.9974076515837429,112.98842683786185,113.59012463885135,2023-04-11 18:36:26,2023-04-24 17:43:20,2023-04-25 08:09:46,Monday,17
70,d,14,0,100.0253035782658,113.59012463885135,1.803270262398513,0.0820000022649765,0.13114562128218274,0.0,0.08463008670498098,0.2977757102521402,113.80327026239851,113.88790034910349,2023-04-11 18:36:26,2023-04-25 13:16:42,2023-04-25 15:18:34,Tuesday,13
70,b,15,0,100.0253035782658,113.88790034910349,2.0269940458566396,0.0820000022649765,0.057093694488178096,0.47300595414336044,0.13877374609517093,0.750873396991686,114.5,114.63877374609517,2023-04-11 18:36:26,2023-04-26 06:00:00,2023-04-26 09:19:50,Wednesday,6
71,f,1,0,103.12687843416649,103.12687843416649,5.326032731252582,0.04100000113248825,0.1581542959536009,2.1739672687474183,0.16131379582089855,2.534435361654406,105.5,105.6613137958209,2023-04-14 21:02:42,2023-04-17 06:00:00,2023-04-17 09:52:17,Monday,6
72,b,1,0,103.45654501681126,103.45654501681126,5.614694463014288,0.12300000339746475,0.035149442805562675,1.8853055369857117,0.12825096640478942,2.1717059495935285,105.5,105.62825096640479,2023-04-15 04:57:25,2023-04-17 06:00:00,2023-04-17 09:04:40,Monday,6
73,b,1,0,103.96490322245904,103.96490322245904,6.054307309984921,0.0820000022649765,0.007404085260904321,1.445692690015079,0.031281447459212304,1.566378225000172,105.5,105.53128144745921,2023-04-15 17:09:27,2023-04-17 06:00:00,2023-04-17 06:45:02,Monday,6
73,b,2,0,103.96490322245904,105.53128144745922,0.5368500254294872,0.0,0.005568577970261303,0.0,0.08815408130108397,0.09372265927134528,105.53685002542949,105.62500410673057,2023-04-15 17:09:27,2023-04-17 06:53:03,2023-04-17 09:00:00,Monday,6
73,c,3,0,103.96490322245904,105.62500410673057,0.9342269594750832,0.0820000022649765,0.22722285047953233,0.0,0.38814980273616767,0.6973726554806765,105.93422695947508,106.32237676221125,2023-04-15 17:09:27,2023-04-17 16:25:17,2023-04-18 01:44:13,Monday,16
73,b,4,0,103.96490322245904,106.32237676221125,1.5188426965948594,0.0820000022649765,0.11446593211863122,0.0,0.0322829418358161,0.2287488762194238,106.51884269659486,106.55112563843068,2023-04-15 17:09:27,2023-04-18 06:27:08,2023-04-18 07:13:37,Tuesday,6
74,b,1,0,106.69507997209082,106.69507997209082,1.8044788276023525,0.0820000022649765,0.027398853246553376,0.0,0.07630391156148675,0.18570276707301664,106.80447882760235,106.88078273916383,2023-04-18 10:40:54,2023-04-18 13:18:26,2023-04-18 15:08:19,Tuesday,13
75,b,1,0,107.49827875354549,107.49827875354549,2.6009295649402446,0.0820000022649765,0.020650809129776324,0.0,0.5071786382805985,0.6098294496753514,107.60092956494024,108.10810820322084,2023-04-19 05:57:31,2023-04-19 08:25:20,2023-04-19 20:35:40,Wednesday,8
76,e,1,0,111.92441686811344,111.92441686811344,0.0251988670714951,0.04100000113248825,0.05978199782557407,0.4748011329285049,0.27067948370064615,0.8462626155872133,112.5,112.77067948370065,2023-04-23 16:11:09,2023-04-24 06:00:00,2023-04-24 12:29:46,Monday,6
77,b,1,0,113.69897274821676,113.69897274821676,1.9926233422616093,0.04100000113248825,0.252650592912355,0.0,0.2753222665911001,0.5689728606359433,113.99262334226161,114.26794560885271,2023-04-25 10:46:31,2023-04-25 17:49:22,2023-04-26 00:25:50,Tuesday,17
78,e,1,0,114.33778787138068,114.33778787138068,2.4771644648826197,0.0820000022649765,0.057376591236957875,0.022835535117380346,0.26859617547987785,0.4308083040991926,114.5,114.76859617547987,2023-04-26 02:06:24,2023-04-26 06:00:00,2023-04-26 12:26:46,Wednesday,6
78,d,2,0,114.33778787138068,114.76859617547987,2.9455451712352385,0.04100000113248825,0.13594899462288335,0.0,0.7453650357434766,0.9223140314988482,114.94554517123524,115.69091020697871,2023-04-26 02:06:24,2023-04-26 16:41:35,2023-04-27 10:34:54,Wednesday,16
78,c,3,0,114.33778787138068,115.69091020697871,3.802970949549632,0.0820000022649765,0.030060740305945407,0.0,0.17434348484348156,0.28640422741440347,115.80297094954963,115.97731443439311,2023-04-26 02:06:24,2023-04-27 13:16:16,2023-04-27 17:27:19,Thursday,13
78,d,4,0,114.33778787138068,115.97731443439312,4.175236100917672,0.0820000022649765,0.1159216642595688,0.3247638990823276,0.41406403736996716,0.9367496029768401,116.5,116.91406403736997,2023-04-26 02:06:24,2023-04-28 06:00:00,2023-04-28 15:56:15,Friday,6
78,c,5,0,114.33778787138068,116.91406403736997,5.119569058342279,0.04100000113248825,0.16450501983982702,2.380430941657721,0.43582194898020526,3.0217579116102415,119.5,119.9358219489802,2023-04-26 02:06:24,2023-05-01 06:00:00,2023-05-01 16:27:35,Monday,6
78,c,6,0,114.33778787138068,119.9358219489802,1.0146471454113168,0.0,0.07882519643110807,0.48535285458868316,0.5248186901203142,1.0889967411401056,120.5,121.02481869012031,2023-04-26 02:06:24,2023-05-02 06:00:00,2023-05-02 18:35:44,Tuesday,6
78,d,7,0,114.33778787138068,121.02481869012031,2.1438556895453758,0.04100000113248825,0.07803699829257581,0.35614431045462425,0.008055903062499821,0.48323721294218813,121.5,121.5080559030625,2023-04-26 02:06:24,2023-05-03 06:00:00,2023-05-03 06:11:36,Wednesday,6
78,f,8,0,114.33778787138068,121.5080559030625,2.630810703297101,0.0820000022649765,0.040754797969621864,0.0,1.614610260836555,1.7373650610711533,121.6308107032971,123.24542096413366,2023-04-26 02:06:24,2023-05-03 09:08:22,2023-05-04 23:53:24,Wednesday,9
78,d,9,0,114.33778787138068,123.24542096413366,4.411545301635584,0.0820000022649765,0.0841243352369501,0.08845469836441566,0.4878013134000378,0.7423803492663801,123.5,123.98780131340004,2023-04-26 02:06:24,2023-05-05 06:00:00,2023-05-05 17:42:26,Friday,6
78,b,10,0,114.33778787138068,123.98780131340004,5.127492435622003,0.0820000022649765,0.05769111995699058,2.3725075643779974,0.11467665065581926,2.626875337255784,126.5,126.61467665065582,2023-04-26 02:06:24,2023-05-08 06:00:00,2023-05-08 08:45:08,Monday,6
78,c,11,0,114.33778787138068,126.61467665065582,0.732023619927304,0.04100000113248825,0.07634696813899888,0.0,0.9555209803641538,1.0728679496356408,126.7320236199273,127.68754460029146,2023-04-26 02:06:24,2023-05-08 11:34:06,2023-05-09 10:30:03,Monday,11
78,e,12,0,114.33778787138068,127.68754460029146,1.9673838685048395,0.0820000022649765,0.19783926594840823,0.0,0.08301568486313703,0.36285495307652177,127.96738386850484,128.05039955336798,2023-04-26 02:06:24,2023-05-09 17:13:01,2023-05-09 19:12:34,Tuesday,17
79,e,1,0,114.38191846526477,114.38191846526477,2.4001808256590067,0.0,0.018262360394228048,0.0998191743409933,0.3937013116745387,0.51178284640976,114.5,114.89370131167453,2023-04-26 03:09:57,2023-04-26 06:00:00,2023-04-26 15:26:55,Wednesday,6
79,d,2,0,114.38191846526477,114.89370131167453,2.9364815823172705,0.04100000113248825,0.0017802695102529058,0.0,0.4160961835019282,0.4588764541446693,114.93648158231727,115.3525777658192,2023-04-26 03:09:57,2023-04-26 16:28:32,2023-04-27 02:27:42,Wednesday,16
79,b,3,0,114.38191846526477,115.3525777658192,3.47984745473822,0.0820000022649765,0.04526968665404317,0.02015254526178012,0.7185576551418545,0.8659798893226544,115.5,116.21855765514185,2023-04-26 03:09:57,2023-04-27 06:00:00,2023-04-27 23:14:43,Thursday,6
79,f,4,0,114.38191846526477,116.21855765514186,4.4634225446884415,0.0820000022649765,0.1628648872815947,0.03657745531155854,0.4852954261557933,0.766737771013923,116.5,116.98529542615579,2023-04-26 03:09:57,2023-04-28 06:00:00,2023-04-28 17:38:49,Friday,6
79,d,5,0,114.38191846526477,116.98529542615579,5.0952526301201,0.0820000022649765,0.027957201699341086,2.4047473698798996,0.037711624527021086,2.552416198371238,119.5,119.53771162452702,2023-04-26 03:09:57,2023-05-01 06:00:00,2023-05-01 06:54:18,Monday,6
79,e,6,0,114.38191846526477,119.53771162452702,0.5875402617713661,0.04100000113248825,0.00882863611185791,0.0,0.7708868614360969,0.820715498680443,119.58754026177137,120.35842712320746,2023-04-26 03:09:57,2023-05-01 08:06:03,2023-05-02 02:36:08,Monday,8
80,b,1,0,116.73874263243009,116.73874263243009,4.760468103276864,0.0,0.021725470846768003,0.0,0.3055009958681149,0.3272264667148829,116.76046810327686,117.06596909914498,2023-04-28 11:43:47,2023-04-28 12:15:04,2023-04-28 19:34:59,Friday,12
80,d,2,0,116.73874263243009,117.06596909914497,5.220589560980599,0.04100000113248825,0.1136204607031466,2.2794104390194008,0.3542039872553041,2.78823488811034,119.5,119.8542039872553,2023-04-28 11:43:47,2023-05-01 06:00:00,2023-05-01 14:30:03,Monday,6
80,b,3,0,116.73874263243009,119.8542039872553,1.06335968759889,0.04100000113248825,0.16815569921110277,0.43664031240111,0.2503516876008857,0.8961477003455867,120.5,120.75035168760088,2023-04-28 11:43:47,2023-05-02 06:00:00,2023-05-02 12:00:30,Tuesday,6
81,b,1,0,117.11889098692404,117.11889098692404,5.283603784890843,0.0820000022649765,0.08271279570182126,2.2163962151091567,0.19078578679003266,2.571894799865987,119.5,119.69078578679003,2023-04-28 20:51:12,2023-05-01 06:00:00,2023-05-01 10:34:43,Monday,6
81,c,2,0,117.11889098692404,119.69078578679003,0.8453207953089219,0.0820000022649765,0.07253500625392012,0.0,0.11756998099632271,0.27210498951521933,119.84532079530892,119.96289077630524,2023-04-28 20:51:12,2023-05-01 14:17:15,2023-05-01 17:06:33,Monday,14
81,b,3,0,117.11889098692404,119.96289077630524,1.0609348007662902,0.0820000022649765,0.01604402219606569,0.4390651992337098,0.4022600477061337,0.9393692714008857,120.5,120.90226004770614,2023-04-28 20:51:12,2023-05-02 06:00:00,2023-05-02 15:39:15,Tuesday,6
82,b,1,0,117.37913520278777,117.37913520278777,5.566984132213648,0.04100000113248825,0.14684892829339988,1.9330158677863523,0.0991808374923051,2.220045634704545,119.5,119.5991808374923,2023-04-29 03:05:57,2023-05-01 06:00:00,2023-05-01 08:22:49,Monday,6
83,b,1,0,120.04791733483918,120.04791733483918,1.123926373451411,0.04100000113248825,0.03500903747973845,0.3760736265485889,0.03750062200606582,0.4895832871668814,120.5,120.53750062200606,2023-05-01 19:09:00,2023-05-02 06:00:00,2023-05-02 06:54:00,Tuesday,6
84,b,1,0,120.07316066417006,120.07316066417006,1.2437220725171017,0.0820000022649765,0.08856140608206346,0.25627792748289835,0.12747391243540893,0.5543132482653472,120.5,120.6274739124354,2023-05-01 19:45:21,2023-05-02 06:00:00,2023-05-02 09:03:33,Tuesday,6
84,b,2,0,120.07316066417006,120.6274739124354,1.9419836653017484,0.04100000113248825,0.2735097517338503,0.0,0.017106422696311522,0.33161617556265005,120.94198366530175,120.95909008799806,2023-05-01 19:45:21,2023-05-02 16:36:27,2023-05-02 17:01:05,Tuesday,16
84,c,3,0,120.07316066417006,120.95909008799805,2.4196080161408275,0.0,0.4605179281427765,0.08039198385917246,2.344796555684046,2.8857064676859947,121.5,123.84479655568404,2023-05-01 19:45:21,2023-05-03 06:00:00,2023-05-05 14:16:30,Wednesday,6
84,c,4,0,120.07316066417006,123.84479655568404,4.927892149472342,0.0820000022649765,0.001095591523319531,0.0,0.006002426880029504,0.08909802066832553,123.92789214947234,123.93389457635237,2023-05-01 19:45:21,2023-05-05 16:16:09,2023-05-05 16:24:48,Friday,16
85,b,1,0,122.56091546087153,122.56091546087153,3.609300863044581,0.04100000113248825,0.007385401040561767,0.0,0.07843178861560883,0.12681719078865886,122.60930086304458,122.68773265166018,2023-05-04 07:27:43,2023-05-04 08:37:23,2023-05-04 10:30:20,Thursday,8
86,f,1,0,122.83775045068828,122.83775045068828,3.926229680903205,0.04100000113248825,0.0474792290824431,0.0,0.07234437320481342,0.16082360341974478,122.9262296809032,122.99857405410802,2023-05-04 14:06:21,2023-05-04 16:13:46,2023-05-04 17:57:56,Thursday,16
86,d,2,0,122.83775045068828,122.99857405410802,4.305898015789197,0.04100000113248825,0.2663239605486899,0.19410198421080338,0.6897375707175751,1.1911635166095567,123.5,124.18973757071757,2023-05-04 14:06:21,2023-05-05 06:00:00,2023-05-05 22:33:13,Friday,6
86,d,3,0,122.83775045068828,124.18973757071758,5.321354418207136,0.0,0.1316168474895495,2.178645581792864,0.44352447958329116,2.7537869088657048,126.5,126.94352447958329,2023-05-04 14:06:21,2023-05-08 06:00:00,2023-05-08 16:38:40,Monday,6
86,b,4,0,122.83775045068828,126.94352447958329,1.0193600489103716,0.04100000113248825,0.0348355681945968,0.4806399510896284,0.3992968700838444,0.9557723905005578,127.5,127.89929687008384,2023-05-04 14:06:21,2023-05-09 06:00:00,2023-05-09 15:34:59,Tuesday,6
86,f,5,0,122.83775045068828,127.89929687008384,1.9705296020282361,0.04100000113248825,0.030232730811901906,0.0,1.4776425816191157,1.5488753135635058,127.97052960202824,129.44817218364736,2023-05-04 14:06:21,2023-05-09 17:17:33,2023-05-11 04:45:22,Tuesday,17
86,e,6,0,122.83775045068828,129.44817218364736,3.4891252014939766,0.0,0.04095301784661592,0.010874798506023353,0.33197954167854304,0.3838073580311823,129.5,129.83197954167855,2023-05-04 14:06:21,2023-05-11 06:00:00,2023-05-11 13:58:03,Thursday,6
86,c,7,0,122.83775045068828,129.83197954167855,3.8669389357613966,0.0,0.03495939408284655,0.0,1.5918120054756495,1.626771399558496,129.8669389357614,131.45875094123704,2023-05-04 14:06:21,2023-05-11 14:48:23,2023-05-13 05:00:36,Thursday,14
86,d,8,0,122.83775045068828,131.45875094123704,5.829211234780246,0.12300000339746475,0.24746029014572898,1.6707887652197542,0.5634001762752946,2.6046492350382424,133.5,134.0634001762753,2023-05-04 14:06:21,2023-05-15 06:00:00,2023-05-15 19:31:17,Monday,6
86,d,9,0,122.83775045068828,134.06340017627528,1.1749625072154686,0.04100000113248825,0.0705623298076896,0.3250374927845314,0.5566634098537941,0.9932632335785034,134.5,135.0566634098538,2023-05-04 14:06:21,2023-05-16 06:00:00,2023-05-16 19:21:35,Tuesday,6
86,d,10,0,122.83775045068828,135.0566634098538,2.2772862825959805,0.04100000113248825,0.17962287160970616,0.22271371740401946,0.20155635670767497,0.6448929468538889,135.5,135.70155635670767,2023-05-04 14:06:21,2023-05-17 06:00:00,2023-05-17 10:50:14,Wednesday,6
86,b,11,0,122.83775045068828,135.7015563567077,2.785631062642068,0.0820000022649765,0.0020747036693846204,0.0,0.4409816201564649,0.5250563260908261,135.78563106264207,136.22661268279853,2023-05-04 14:06:21,2023-05-17 12:51:18,2023-05-17 23:26:19,Wednesday,12
87,f,1,0,126.90313700079682,126.90313700079682,0.9563251128393659,0.04100000113248825,0.012188110910064155,0.0,0.6448729025563886,0.698061014598941,126.95632511283937,127.60119801539575,2023-05-08 15:40:31,2023-05-08 16:57:06,2023-05-09 08:25:43,Monday,16
87,c,2,0,126.90313700079682,127.60119801539575,1.654695533138323,0.04100000113248825,0.012497516610085515,0.0,0.5465579149799773,0.600055432722551,127.65469553313832,128.2012534481183,2023-05-08 15:40:31,2023-05-09 09:42:45,2023-05-09 22:49:48,Tuesday,9
87,d,3,0,126.90313700079682,128.2012534481183,2.429756481825166,0.12300000339746475,0.10550303030938246,0.07024351817483421,0.04378698785429126,0.34253353973597267,128.5,128.5437869878543,2023-05-08 15:40:31,2023-05-10 06:00:00,2023-05-10 07:03:03,Wednesday,6
87,e,4,0,126.90313700079682,128.54378698785428,2.674374416136459,0.04100000113248825,0.0895874271497061,0.0,0.03909127040324774,0.1696786986854421,128.67437441613646,128.7134656865397,2023-05-08 15:40:31,2023-05-10 10:11:05,2023-05-10 11:07:23,Wednesday,10
87,c,5,0,126.90313700079682,128.7134656865397,3.0952100423492936,0.04100000113248825,0.3407443546771073,0.40478995765070636,0.08448346205638327,0.8710177755166851,129.5,129.5844834620564,2023-05-08 15:40:31,2023-05-11 06:00:00,2023-05-11 08:01:39,Thursday,6
87,e,6,0,126.90313700079682,129.5844834620564,3.684763531615687,0.04100000113248825,0.05928006842680098,0.0,1.341763335936151,1.44204340549544,129.6847635316157,131.02652686755184,2023-05-08 15:40:31,2023-05-11 10:26:03,2023-05-12 18:38:11,Thursday,10
88,b,1,0,128.0034860391231,128.0034860391231,2.253386561438532,0.12300000339746475,0.12690051891798493,0.246613438561468,0.018478432777667704,0.5149923936545854,128.5,128.51847843277767,2023-05-09 18:05:01,2023-05-10 06:00:00,2023-05-10 06:26:36,Wednesday,6
88,f,2,0,128.0034860391231,128.51847843277767,2.7279094167824383,0.12300000339746475,0.0864309806072981,0.0,0.18578867494856005,0.3952196589533229,128.72790941678244,128.913698091731,2023-05-09 18:05:01,2023-05-10 11:28:11,2023-05-10 15:55:43,Wednesday,11
88,d,3,0,128.0034860391231,128.913698091731,3.021484564059193,0.0820000022649765,0.025786470063237695,0.4785154359408068,0.44280676667647567,1.0291086749454967,129.5,129.94280676667648,2023-05-09 18:05:01,2023-05-11 06:00:00,2023-05-11 16:37:38,Thursday,6
88,c,4,0,128.0034860391231,129.94280676667648,4.248800982570117,0.0820000022649765,0.22399421362865457,0.25119901742988304,0.10392274275702659,0.6611159760805407,130.5,130.60392274275702,2023-05-09 18:05:01,2023-05-12 06:00:00,2023-05-12 08:29:38,Friday,6
88,d,5,0,128.0034860391231,130.60392274275702,5.004703349179692,0.0,0.400780606422678,2.4952966508203076,0.00875927995042774,2.9048365371934133,133.5,133.50875927995043,2023-05-09 18:05:01,2023-05-15 06:00:00,2023-05-15 06:12:36,Monday,6
88,d,6,0,128.0034860391231,133.50875927995043,0.6020913541194091,0.0820000022649765,0.011332071904014885,0.0,0.6015735657089968,0.6949056398779881,133.6020913541194,134.2036649198284,2023-05-09 18:05:01,2023-05-15 08:27:00,2023-05-15 22:53:16,Monday,8
88,b,7,0,128.0034860391231,134.2036649198284,1.3427752587075474,0.0820000022649765,0.0571103366141702,0.15722474129245256,0.9183924948124348,1.214727574984034,134.5,135.41839249481242,2023-05-09 18:05:01,2023-05-16 06:00:00,2023-05-17 04:02:29,Tuesday,6
88,b,8,0,128.0034860391231,135.41839249481245,2.7717046159220615,0.0820000022649765,0.2713121188446302,0.0,0.4371550582701072,0.7904671793797139,135.77170461592206,136.20885967419215,2023-05-09 18:05:01,2023-05-17 12:31:15,2023-05-17 23:00:45,Wednesday,12
89,b,1,0,129.3110772952634,129.3110772952634,3.35746759581005,0.04100000113248825,0.0053902994141665165,0.14253240418995006,0.12085000213967856,0.3097727068762834,129.5,129.6208500021397,2023-05-11 01:27:57,2023-05-11 06:00:00,2023-05-11 08:54:01,Thursday,6
90,b,1,0,131.0465796924253,131.0465796924253,5.151181855253782,0.0,0.10460216282847871,2.348818144746218,0.6718344061102554,3.125254713684952,133.5,134.17183440611026,2023-05-12 19:07:04,2023-05-15 06:00:00,2023-05-15 22:07:26,Monday,6
91,b,1,0,132.4750904338906,132.4750904338906,6.535164056850107,0.0,0.060073622959487157,0.9648359431498932,0.2739045759907343,1.2988141421001147,133.5,133.77390457599074,2023-05-14 05:24:07,2023-05-15 06:00:00,2023-05-15 12:34:25,Monday,6
91,f,2,0,132.4750904338906,133.77390457599074,0.9269597285477857,0.0820000022649765,0.07105515029206334,0.0,0.12179713571858083,0.2748522882756207,133.92695972854779,134.04875686426638,2023-05-14 05:24:07,2023-05-15 16:14:49,2023-05-15 19:10:12,Monday,16
92,b,1,0,133.69045425703686,133.69045425703686,0.737558786122122,0.04100000113248825,0.006104527952780016,0.0,0.08468423026382663,0.1317887593490949,133.73755878612212,133.82224301638595,2023-05-15 10:34:15,2023-05-15 11:42:05,2023-05-15 13:44:01,Monday,11
93,b,1,0,134.10310397601862,134.10310397601862,1.2494141423858593,0.0820000022649765,0.06431016410226208,0.25058585761414065,0.02567594534077466,0.4225719693221539,134.5,134.52567594534077,2023-05-15 20:28:28,2023-05-16 06:00:00,2023-05-16 06:36:58,Tuesday,6
94,b,1,0,146.9660778353237,146.9660778353237,0.004087771241984228,0.0,0.03800993591829532,0.49591222875801577,0.1789416200518915,0.7128637847282026,147.5,147.6789416200519,2023-05-28 17:11:09,2023-05-29 06:00:00,2023-05-29 10:17:40,Monday,6
95,b,1,0,147.59536529923025,147.59536529923025,0.7124679456921967,0.0820000022649765,0.03510264419696573,0.0,0.15508524861912212,0.27218789508106433,147.7124679456922,147.8675531943113,2023-05-29 08:17:19,2023-05-29 11:05:57,2023-05-29 14:49:16,Monday,11
95,c,2,0,147.59536529923025,147.8675531943113,1.2035683377582131,0.0,0.3360151434469033,0.29643166224178685,1.4543101845251922,2.0867569902138823,148.5,149.95431018452518,2023-05-29 08:17:19,2023-05-30 06:00:00,2023-05-31 16:54:12,Tuesday,6
95,d,3,0,147.59536529923025,149.95431018452518,3.146589657635161,0.0,0.19227947310998728,0.3534103423648389,0.6473561265528005,1.1930459420276267,150.5,151.1473561265528,2023-05-29 08:17:19,2023-06-01 06:00:00,2023-06-01 21:32:11,Thursday,6
95,b,4,0,147.59536529923025,151.1473561265528,4.297172310626394,0.0820000022649765,0.06781618180861637,0.2028276893736063,0.38505601859753363,0.7376998920447329,151.5,151.88505601859754,2023-05-29 08:17:19,2023-06-02 06:00:00,2023-06-02 15:14:28,Friday,6
96,b,1,0,147.78125407360972,147.78125407360972,0.8286714837469162,0.04100000113248825,0.0064174090047064624,0.0,0.32728069513607533,0.37469810527327,147.82867148374692,148.15595217888298,2023-05-29 12:45:00,2023-05-29 13:53:17,2023-05-29 21:44:34,Monday,13
96,b,2,0,147.78125407360972,148.15595217888298,1.4849459433171717,0.04100000113248825,0.2879937633017058,0.015054056682828332,0.5534776249066643,0.8975254460236867,148.5,149.05347762490666,2023-05-29 12:45:00,2023-05-30 06:00:00,2023-05-30 19:17:00,Tuesday,6
97,b,1,0,148.6724669424237,148.6724669424237,1.8894444189129445,0.0,0.21697747648923094,0.0,0.01552038799819829,0.23249786448742923,148.88944441891294,148.90496480691115,2023-05-30 10:08:21,2023-05-30 15:20:47,2023-05-30 15:43:08,Tuesday,15
98,b,1,0,149.0912940273858,149.0912940273858,2.1799047853930915,0.0820000022649765,0.006610755742326603,0.3200952146069085,0.15701517662497538,0.5657211492391869,149.5,149.65701517662498,2023-05-30 20:11:27,2023-05-31 06:00:00,2023-05-31 09:46:06,Wednesday,6
98,c,2,0,149.0912940273858,149.65701517662498,2.7902483425610853,0.0820000022649765,0.051233163671114,0.0,0.02678053897899292,0.16001370491508343,149.79024834256109,149.81702888154007,2023-05-30 20:11:27,2023-05-31 12:57:57,2023-05-31 13:36:31,Wednesday,12
98,b,3,0,149.0912940273858,149.81702888154007,2.953239234017502,0.04100000113248825,0.09521035134495852,0.0,0.05737766850217028,0.19358802097961705,149.9532392340175,150.01061690251967,2023-05-30 20:11:27,2023-05-31 16:52:39,2023-05-31 18:15:17,Wednesday,16
98,b,4,0,149.0912940273858,150.01061690251967,3.12833053619363,0.0820000022649765,0.035713631408985216,0.37166946380637,1.1655941495337145,1.6549772470140462,150.5,151.66559414953372,2023-05-30 20:11:27,2023-06-01 06:00:00,2023-06-02 09:58:27,Thursday,6
98,b,5,0,149.0912940273858,151.66559414953372,4.86261982443736,0.12300000339746475,0.07402567150618053,0.0,2.726584378587771,2.9236100534914162,151.86261982443736,154.58920420302513,2023-05-30 20:11:27,2023-06-02 14:42:10,2023-06-05 08:08:27,Friday,14
98,b,6,0,149.0912940273858,154.58920420302513,0.7410593904342875,0.12300000339746475,0.02885518401169694,0.0,0.010035642256830905,0.1618908296659926,154.7410593904343,154.75109503269113,2023-05-30 20:11:27,2023-06-05 11:47:07,2023-06-05 12:01:34,Monday,11
98,f,7,0,149.0912940273858,154.75109503269113,0.8809056572480642,0.04100000113248825,0.08881062342443653,0.0,0.08618847955022488,0.21599910410714965,154.88090565724806,154.9670941367983,2023-05-30 20:11:27,2023-06-05 15:08:30,2023-06-05 17:12:36,Monday,15
99,e,1,0,149.911553744367,149.911553744367,3.1650766104461354,0.04100000113248825,0.21252286494662403,0.3349233895538646,0.14548754444432896,0.7339338000773058,150.5,150.64548754444434,2023-05-31 15:52:38,2023-06-01 06:00:00,2023-06-01 09:29:30,Thursday,6
