Y_avg,event_no,Y_avg_log,transitions,process_entropy,process_type,statespace_size,number_of_traces
79.92293418980142,1,4.381062847752957,3.0,min_entropy,memoryless,5,100.0
80.78357668011377,2,4.391773685957675,3.0,min_entropy,memoryless,5,100.0
81.16275381102874,3,4.39645644502551,3.0,min_entropy,memoryless,5,100.0
81.34229304037973,4,4.398666090890426,3.0,min_entropy,memoryless,5,100.0
81.92784892050715,5,4.405838968719429,3.0,min_entropy,memoryless,5,100.0
69.74882843036093,1,4.244900623863074,3.0,med_entropy,memoryless,5,100.0
72.91783604588076,2,4.28933327364167,3.0,med_entropy,memoryless,5,100.0
75.99238829082412,3,4.330633181202474,3.0,med_entropy,memoryless,5,100.0
73.38066695085037,4,4.295660507886245,3.0,med_entropy,memoryless,5,100.0
75.70471599164047,5,4.326840456939402,3.0,med_entropy,memoryless,5,100.0
76.59585047454497,6,4.338542903928637,3.0,med_entropy,memoryless,5,100.0
76.13660412048613,7,4.3325291494932925,3.0,med_entropy,memoryless,5,100.0
83.48096033344181,8,4.424618585897526,3.0,med_entropy,memoryless,5,100.0
80.35168339800843,9,4.386413042779345,3.0,med_entropy,memoryless,5,100.0
84.41363196308825,10,4.435728904709917,3.0,med_entropy,memoryless,5,100.0
78.76556378738199,11,4.366475893573767,3.0,med_entropy,memoryless,5,100.0
77.34492883797735,12,4.348275013628438,3.0,med_entropy,memoryless,5,100.0
78.96805305299527,13,4.369043378944396,3.0,med_entropy,memoryless,5,100.0
76.81730663829784,14,4.341429961619674,3.0,med_entropy,memoryless,5,100.0
68.53477994560575,15,4.227341352845852,3.0,med_entropy,memoryless,5,100.0
66.24636172271967,16,4.193380545965406,3.0,med_entropy,memoryless,5,100.0
74.42636691571421,17,4.309810273084732,3.0,med_entropy,memoryless,5,100.0
82.96570781160263,18,4.418427363526591,3.0,med_entropy,memoryless,5,100.0
84.32183818923816,19,4.434640884712431,3.0,med_entropy,memoryless,5,100.0
121.4032135724928,20,4.799117349218152,3.0,med_entropy,memoryless,5,100.0
121.8164797130142,21,4.802515647543863,3.0,med_entropy,memoryless,5,100.0
80.19275288838118,1,4.384433147801722,3.0,max_entropy,memoryless,5,100.0
80.23423505535449,2,4.384950294803352,3.0,max_entropy,memoryless,5,100.0
79.22705007956647,3,4.372317781917058,3.0,max_entropy,memoryless,5,100.0
76.75213314066265,4,4.340581179444761,3.0,max_entropy,memoryless,5,100.0
79.568238579196,5,4.376615000399368,3.0,max_entropy,memoryless,5,100.0
81.3663611765937,6,4.398961934236993,3.0,max_entropy,memoryless,5,100.0
79.89101563365342,7,4.380663401314049,3.0,max_entropy,memoryless,5,100.0
75.24729360022788,8,4.320779937536736,3.0,max_entropy,memoryless,5,100.0
77.82189516897272,9,4.3544228204977635,3.0,max_entropy,memoryless,5,100.0
77.71372346201153,10,4.353031862910635,3.0,max_entropy,memoryless,5,100.0
71.49407904965369,11,4.269614635776629,3.0,max_entropy,memoryless,5,100.0
73.28641524068391,12,4.29437526075741,3.0,max_entropy,memoryless,5,100.0
73.2905483797107,13,4.294431656236287,3.0,max_entropy,memoryless,5,100.0
63.9617525565472,14,4.158285288411921,3.0,max_entropy,memoryless,5,100.0
81.52355277127887,15,4.400891969555581,3.0,max_entropy,memoryless,5,100.0
78.77718660729363,16,4.36662344488798,3.0,max_entropy,memoryless,5,100.0
56.31667834506973,17,4.03099073186245,3.0,max_entropy,memoryless,5,100.0
57.55386120248754,18,4.052721225923122,3.0,max_entropy,memoryless,5,100.0
58.64851796574287,19,4.071562305653921,3.0,max_entropy,memoryless,5,100.0
59.44210015081065,20,4.085002732066805,3.0,max_entropy,memoryless,5,100.0
53.54415760183023,21,3.980506689201865,3.0,max_entropy,memoryless,5,100.0
56.06429176205645,22,4.026499099389577,3.0,max_entropy,memoryless,5,100.0
56.668567255412334,23,4.0372196876211,3.0,max_entropy,memoryless,5,100.0
58.21554008067364,24,4.064152330791537,3.0,max_entropy,memoryless,5,100.0
78.47603369841607,1,4.36279327496896,3.0,min_entropy,memoryless,10,100.0
79.14831826857565,2,4.371323538704901,3.0,min_entropy,memoryless,10,100.0
80.08498973982263,3,4.383088442504158,3.0,min_entropy,memoryless,10,100.0
81.03519016541972,4,4.394883506814551,3.0,min_entropy,memoryless,10,100.0
81.27568555989583,5,4.397846901219246,3.0,min_entropy,memoryless,10,100.0
82.2743618741443,6,4.41005953878771,3.0,min_entropy,memoryless,10,100.0
83.47775596722667,7,4.4245802007651225,3.0,min_entropy,memoryless,10,100.0
84.49608326547548,8,4.436705181400982,3.0,min_entropy,memoryless,10,100.0
85.5538037532811,9,4.449145461690882,3.0,min_entropy,memoryless,10,100.0
86.05543034560367,10,4.454991627529888,3.0,min_entropy,memoryless,10,100.0
82.0048205293229,1,4.40677803247933,3.0,med_entropy,memoryless,10,100.0
84.75154158763596,2,4.43972393591974,3.0,med_entropy,memoryless,10,100.0
80.40632790356646,3,4.387092878356063,3.0,med_entropy,memoryless,10,100.0
85.32590340382397,4,4.446478082534247,3.0,med_entropy,memoryless,10,100.0
81.53990450351668,5,4.401092526229233,3.0,med_entropy,memoryless,10,100.0
88.47402862879579,6,4.482709047124021,3.0,med_entropy,memoryless,10,100.0
92.29280855375801,7,4.524966224646259,3.0,med_entropy,memoryless,10,100.0
94.41186618929423,8,4.547666766409504,3.0,med_entropy,memoryless,10,100.0
101.17871836058306,9,4.616888441859103,3.0,med_entropy,memoryless,10,100.0
106.61636041429139,10,4.669236974761427,3.0,med_entropy,memoryless,10,100.0
112.63678789672142,11,4.724168375461237,3.0,med_entropy,memoryless,10,100.0
115.70536167064122,12,4.751046974272337,3.0,med_entropy,memoryless,10,100.0
117.16048260724006,13,4.763544641166139,3.0,med_entropy,memoryless,10,100.0
117.80465361622173,14,4.7690277748193965,3.0,med_entropy,memoryless,10,100.0
119.54573780671491,15,4.783699041296515,3.0,med_entropy,memoryless,10,100.0
114.30621029412792,16,4.7388809026067245,3.0,med_entropy,memoryless,10,100.0
115.14412492821131,17,4.746184603933478,3.0,med_entropy,memoryless,10,100.0
120.6662662740775,18,4.793028604981528,3.0,med_entropy,memoryless,10,100.0
118.74408429402159,19,4.7769706252024715,3.0,med_entropy,memoryless,10,100.0
127.60813490469836,20,4.84896412205016,3.0,med_entropy,memoryless,10,100.0
128.70666834257804,21,4.857535926333474,3.0,med_entropy,memoryless,10,100.0
128.92732998706356,22,4.859248912196162,3.0,med_entropy,memoryless,10,100.0
129.44511793900622,23,4.863256991612326,3.0,med_entropy,memoryless,10,100.0
130.2015662412807,24,4.869083759205039,3.0,med_entropy,memoryless,10,100.0
117.33247999993299,25,4.765011614175697,3.0,med_entropy,memoryless,10,100.0
117.95640739249859,26,4.770315127332876,3.0,med_entropy,memoryless,10,100.0
118.92026152484522,27,4.778453197293684,3.0,med_entropy,memoryless,10,100.0
120.18976014667302,28,4.78907182834471,3.0,med_entropy,memoryless,10,100.0
120.27813218914352,29,4.7898068291432825,3.0,med_entropy,memoryless,10,100.0
134.55806308202057,30,4.901995801665185,3.0,med_entropy,memoryless,10,100.0
134.66587099621313,31,4.9027966808316235,3.0,med_entropy,memoryless,10,100.0
84.1199527101381,1,4.4322437886628965,3.0,max_entropy,memoryless,10,100.0
82.12232334551454,2,4.408209883829362,3.0,max_entropy,memoryless,10,100.0
83.57315311768969,3,4.425722333559919,3.0,max_entropy,memoryless,10,100.0
84.39701438198037,4,4.435532026355129,3.0,max_entropy,memoryless,10,100.0
82.32368407462643,5,4.410658843617534,3.0,max_entropy,memoryless,10,100.0
80.30262048537486,6,4.385802254111094,3.0,max_entropy,memoryless,10,100.0
82.36445722743366,7,4.41115399953244,3.0,max_entropy,memoryless,10,100.0
84.62860063684683,8,4.4382722784731925,3.0,max_entropy,memoryless,10,100.0
85.92240334452022,9,4.453444602256223,3.0,max_entropy,memoryless,10,100.0
87.02453287312328,10,4.466190065951103,3.0,max_entropy,memoryless,10,100.0
86.75223639564119,11,4.463056198271519,3.0,max_entropy,memoryless,10,100.0
86.44594036432062,12,4.459519251678157,3.0,max_entropy,memoryless,10,100.0
90.99604603122825,13,4.510816055366579,3.0,max_entropy,memoryless,10,100.0
91.97682560314009,14,4.521536649699968,3.0,max_entropy,memoryless,10,100.0
88.47009125286934,15,4.4826645429502765,3.0,max_entropy,memoryless,10,100.0
82.8692771646392,16,4.417264392301361,3.0,max_entropy,memoryless,10,100.0
84.36007410386489,17,4.435094234034381,3.0,max_entropy,memoryless,10,100.0
85.84102676032634,18,4.452497059578101,3.0,max_entropy,memoryless,10,100.0
81.86978217617286,19,4.4051299627786475,3.0,max_entropy,memoryless,10,100.0
81.89155210239254,20,4.40539583660587,3.0,max_entropy,memoryless,10,100.0
82.68083005738308,21,4.414987774160646,3.0,max_entropy,memoryless,10,100.0
85.00466503772941,22,4.442706137781127,3.0,max_entropy,memoryless,10,100.0
83.97105244835608,23,4.430472125740317,3.0,max_entropy,memoryless,10,100.0
84.33560490391709,24,4.434804135316224,3.0,max_entropy,memoryless,10,100.0
84.87867283652584,25,4.44122285842154,3.0,max_entropy,memoryless,10,100.0
91.52656949427346,26,4.516629307116833,3.0,max_entropy,memoryless,10,100.0
92.24697924514396,27,4.524469537074404,3.0,max_entropy,memoryless,10,100.0
98.05985881850386,28,4.585578096476016,3.0,max_entropy,memoryless,10,100.0
103.21767483868811,29,4.63684010619955,3.0,max_entropy,memoryless,10,100.0
107.51694153009483,30,4.6776484307796204,3.0,max_entropy,memoryless,10,100.0
108.80610992421155,31,4.689567490236725,3.0,max_entropy,memoryless,10,100.0
116.53796887149747,32,4.758217132967695,3.0,max_entropy,memoryless,10,100.0
124.11821905960258,33,4.821234490940359,3.0,max_entropy,memoryless,10,100.0
124.84657403657539,34,4.827085575713121,3.0,max_entropy,memoryless,10,100.0
125.42936620908705,35,4.831742781078645,3.0,max_entropy,memoryless,10,100.0
126.65726504382704,36,4.8414847379594255,3.0,max_entropy,memoryless,10,100.0
127.17064765699895,37,4.845529866863903,3.0,max_entropy,memoryless,10,100.0
122.58918262835381,38,4.808838786561662,3.0,max_entropy,memoryless,10,100.0
122.94962380321613,39,4.81177470890328,3.0,max_entropy,memoryless,10,100.0
123.95112513284886,40,4.819887335752214,3.0,max_entropy,memoryless,10,100.0
125.25224596818589,41,4.830329671685924,3.0,max_entropy,memoryless,10,100.0
86.58133247114321,42,4.461084231952503,3.0,max_entropy,memoryless,10,100.0
87.23195956999538,43,4.468570772597201,3.0,max_entropy,memoryless,10,100.0
87.6251499173815,44,4.473068056250654,3.0,max_entropy,memoryless,10,100.0
89.00644145825635,45,4.488708743048592,3.0,max_entropy,memoryless,10,100.0
133.98791196601422,46,4.897749586672967,3.0,max_entropy,memoryless,10,100.0
136.67546370392438,47,4.917609237523977,3.0,max_entropy,memoryless,10,100.0
68.07608354314694,1,4.2206259553357865,3.0,min_entropy,memory,5,100.0
68.71048627708525,2,4.229901826256848,3.0,min_entropy,memory,5,100.0
69.83914738331981,3,4.246194703314212,3.0,min_entropy,memory,5,100.0
71.00849661760807,4,4.262799540551888,3.0,min_entropy,memory,5,100.0
72.03896369666192,5,4.277207135094099,3.0,min_entropy,memory,5,100.0
72.25324812716241,1,4.28017728275935,3.0,med_entropy,memory,5,100.0
70.63578336784668,2,4.257536862665925,3.0,med_entropy,memory,5,100.0
71.97176452800109,3,4.276273882768157,3.0,med_entropy,memory,5,100.0
72.5951649533362,4,4.28489832117408,3.0,med_entropy,memory,5,100.0
72.13900070113223,5,4.278594823163374,3.0,med_entropy,memory,5,100.0
73.17508601377696,6,4.292855008030309,3.0,med_entropy,memory,5,100.0
71.11534687296243,7,4.264303162644584,3.0,med_entropy,memory,5,100.0
73.31977468300907,8,4.294830349903622,3.0,med_entropy,memory,5,100.0
76.21994947238868,9,4.333623232527477,3.0,med_entropy,memory,5,100.0
83.77614473641664,10,4.428148297945614,3.0,med_entropy,memory,5,100.0
89.61402002432148,11,4.495511781225916,3.0,med_entropy,memory,5,100.0
91.57308232785135,12,4.517137367444808,3.0,med_entropy,memory,5,100.0
88.33719413325169,13,4.481161243531869,3.0,med_entropy,memory,5,100.0
80.77115984848035,14,4.391619969243147,3.0,med_entropy,memory,5,100.0
82.89985182038843,15,4.417633274689573,3.0,med_entropy,memory,5,100.0
82.67367487486447,16,4.414901230615601,3.0,med_entropy,memory,5,100.0
91.33409151475074,17,4.5145241189419005,3.0,med_entropy,memory,5,100.0
92.47337818480106,18,4.526920799687475,3.0,med_entropy,memory,5,100.0
83.1893553707459,19,4.421119399386653,3.0,med_entropy,memory,5,100.0
83.51410231417515,20,4.425015507586623,3.0,med_entropy,memory,5,100.0
84.10550355622748,21,4.4320720054587746,3.0,med_entropy,memory,5,100.0
88.69756756789438,22,4.485232465804162,3.0,med_entropy,memory,5,100.0
89.02878226574026,23,4.4889597136951185,3.0,med_entropy,memory,5,100.0
90.13519012290931,24,4.501310655764577,3.0,med_entropy,memory,5,100.0
90.53842756880394,25,4.505774374602791,3.0,med_entropy,memory,5,100.0
91.3776026314491,26,4.515000400635025,3.0,med_entropy,memory,5,100.0
92.18424579958568,27,4.523789246109982,3.0,med_entropy,memory,5,100.0
102.4732626416095,28,4.62960191227361,3.0,med_entropy,memory,5,100.0
78.83532013234006,29,4.367361121470698,3.0,med_entropy,memory,5,100.0
67.53487513149558,30,4.212644133065961,3.0,med_entropy,memory,5,100.0
67.54635129974002,31,4.212814048139658,3.0,med_entropy,memory,5,100.0
67.72417834693607,32,4.215443255700237,3.0,med_entropy,memory,5,100.0
67.7998077336465,33,4.216559359155404,3.0,med_entropy,memory,5,100.0
70.04162907284262,34,4.249089766325382,3.0,med_entropy,memory,5,100.0
71.56213081187455,35,4.270566034774546,3.0,med_entropy,memory,5,100.0
72.44381161774689,36,4.282811249214431,3.0,med_entropy,memory,5,100.0
72.45850199016033,37,4.283014011642414,3.0,med_entropy,memory,5,100.0
72.58258917785523,38,4.284725074582856,3.0,med_entropy,memory,5,100.0
75.71351618844675,39,4.326956693890389,3.0,med_entropy,memory,5,100.0
76.09961989718795,1,4.332043270074456,3.0,max_entropy,memory,5,100.0
74.36153951112667,2,4.308938866123688,3.0,max_entropy,memory,5,100.0
76.10467198861211,3,4.332109655737612,3.0,max_entropy,memory,5,100.0
77.68053997298644,4,4.352604775207448,3.0,max_entropy,memory,5,100.0
79.23636188106457,5,4.372435308119398,3.0,max_entropy,memory,5,100.0
78.04442090132343,6,4.357278163321645,3.0,max_entropy,memory,5,100.0
83.08772311651906,7,4.419896954684018,3.0,max_entropy,memory,5,100.0
84.82501898256875,8,4.440590534455341,3.0,max_entropy,memory,5,100.0
86.35713603676841,9,4.458491442020836,3.0,max_entropy,memory,5,100.0
89.12211647758099,10,4.490007524523337,3.0,max_entropy,memory,5,100.0
97.1341203457024,11,4.57609270745244,3.0,max_entropy,memory,5,100.0
94.90810465167809,12,4.552909103989127,3.0,max_entropy,memory,5,100.0
87.3482553751079,13,4.4699030635713095,3.0,max_entropy,memory,5,100.0
84.17568633685212,14,4.432906118703854,3.0,max_entropy,memory,5,100.0
85.05181694622976,15,4.443260681885047,3.0,max_entropy,memory,5,100.0
83.26636205515547,16,4.42204465075193,3.0,max_entropy,memory,5,100.0
87.27844667284586,17,4.469103544309226,3.0,max_entropy,memory,5,100.0
79.04598217215997,18,4.370029735952136,3.0,max_entropy,memory,5,100.0
89.40670306613951,19,4.493195657737182,3.0,max_entropy,memory,5,100.0
84.41374730474774,20,4.43573027109563,3.0,max_entropy,memory,5,100.0
86.45975803734736,21,4.459679080685342,3.0,max_entropy,memory,5,100.0
108.18166678075016,22,4.683811913800555,3.0,max_entropy,memory,5,100.0
163.4161207386965,23,5.096299835691067,3.0,max_entropy,memory,5,100.0
163.421823844892,24,5.096334734369697,3.0,max_entropy,memory,5,100.0
163.6811855705761,25,5.097920545399079,3.0,max_entropy,memory,5,100.0
163.78692413030632,26,5.098566339968215,3.0,max_entropy,memory,5,100.0
164.57351427118158,27,5.10335736564302,3.0,max_entropy,memory,5,100.0
164.65058847789925,28,5.103825582930163,3.0,max_entropy,memory,5,100.0
164.83803428812996,29,5.104963381430634,3.0,max_entropy,memory,5,100.0
164.93260401327672,30,5.105536929932262,3.0,max_entropy,memory,5,100.0
165.85770999880563,31,5.111130252095508,3.0,max_entropy,memory,5,100.0
165.85861484807225,32,5.111135707656172,3.0,max_entropy,memory,5,100.0
168.60082352045157,33,5.127533930018766,3.0,max_entropy,memory,5,100.0
172.33249807288428,34,5.149425739056142,3.0,max_entropy,memory,5,100.0
172.43908595035407,35,5.150044049182642,3.0,max_entropy,memory,5,100.0
173.0485542664053,36,5.153572215619441,3.0,max_entropy,memory,5,100.0
175.72011658500318,37,5.168892482577671,3.0,max_entropy,memory,5,100.0
70.37619214204004,1,4.253855026167745,3.0,min_entropy,memory,10,100.0
71.5925939317133,2,4.27099163190874,3.0,min_entropy,memory,10,100.0
72.37938366831797,3,4.281921502878534,3.0,min_entropy,memory,10,100.0
73.3329745400575,4,4.2950103650367035,3.0,min_entropy,memory,10,100.0
74.64220025115831,5,4.312706034281978,3.0,min_entropy,memory,10,100.0
75.19491888407357,6,4.320083660642036,3.0,min_entropy,memory,10,100.0
75.98062496924611,7,4.330478373169796,3.0,min_entropy,memory,10,100.0
76.84402686205354,8,4.341777742332185,3.0,min_entropy,memory,10,100.0
77.8767345895827,9,4.355127250883089,3.0,min_entropy,memory,10,100.0
79.19873350211726,10,4.371960307557638,3.0,min_entropy,memory,10,100.0
79.31357197274174,1,4.373409261194039,3.0,med_entropy,memory,10,100.0
81.47342592807605,2,4.400276904844774,3.0,med_entropy,memory,10,100.0
80.5281636976727,3,4.388606982836338,3.0,med_entropy,memory,10,100.0
85.41856433984857,4,4.4475634581993635,3.0,med_entropy,memory,10,100.0
84.6761013176532,5,4.4388334050279115,3.0,med_entropy,memory,10,100.0
85.22311050506568,6,4.445272647113081,3.0,med_entropy,memory,10,100.0
84.69305412245599,7,4.439033592657299,3.0,med_entropy,memory,10,100.0
82.27668940983196,8,4.410087828314512,3.0,med_entropy,memory,10,100.0
80.26210145874802,9,4.385297547635147,3.0,med_entropy,memory,10,100.0
82.03747077215908,10,4.407176103525623,3.0,med_entropy,memory,10,100.0
89.91582390982938,11,4.4988739427829785,3.0,med_entropy,memory,10,100.0
81.78394768870574,12,4.404080985827023,3.0,med_entropy,memory,10,100.0
81.38047095609771,13,4.399135329680142,3.0,med_entropy,memory,10,100.0
87.81886498347733,14,4.475276340698848,3.0,med_entropy,memory,10,100.0
88.47840492254618,15,4.48275851006345,3.0,med_entropy,memory,10,100.0
89.44009193195316,16,4.493569037267991,3.0,med_entropy,memory,10,100.0
93.83827627927747,17,4.541572835456111,3.0,med_entropy,memory,10,100.0
94.59950381126569,18,4.549652230920035,3.0,med_entropy,memory,10,100.0
72.55851179020816,19,4.284393295538776,3.0,med_entropy,memory,10,100.0
73.33010772468135,20,4.294971271144331,3.0,med_entropy,memory,10,100.0
85.99646817565501,21,4.454306227685264,3.0,med_entropy,memory,10,100.0
86.31465180532601,22,4.457999361260793,3.0,med_entropy,memory,10,100.0
99.8317063603345,23,4.603485831863124,3.0,med_entropy,memory,10,100.0
100.28188288938995,24,4.607985049434022,3.0,med_entropy,memory,10,100.0
111.99011613402024,25,4.718410618597549,3.0,med_entropy,memory,10,100.0
112.64166444350944,26,4.724211668965237,3.0,med_entropy,memory,10,100.0
113.09209027597745,27,4.728202445008712,3.0,med_entropy,memory,10,100.0
119.39846687895907,28,4.7824663606663425,3.0,med_entropy,memory,10,100.0
121.03662415861777,29,4.796093178795536,3.0,med_entropy,memory,10,100.0
122.2032831152556,30,4.805685913113543,3.0,med_entropy,memory,10,100.0
123.05851275857793,31,4.812659955741004,3.0,med_entropy,memory,10,100.0
123.10007788442168,32,4.812997665882504,3.0,med_entropy,memory,10,100.0
123.49180436755003,33,4.816174792469661,3.0,med_entropy,memory,10,100.0
135.615887557508,34,4.909826533521405,3.0,med_entropy,memory,10,100.0
135.64112951870922,35,4.910012644550318,3.0,med_entropy,memory,10,100.0
135.79566195687275,36,4.911151270261438,3.0,med_entropy,memory,10,100.0
77.95327986486616,1,4.356109671140289,3.0,max_entropy,memory,10,100.0
80.71276408556257,2,4.390896729876148,3.0,max_entropy,memory,10,100.0
84.1305151072848,3,4.432369344297869,3.0,max_entropy,memory,10,100.0
85.92790174194023,4,4.45350859280217,3.0,max_entropy,memory,10,100.0
88.0818803328097,5,4.478266840197568,3.0,max_entropy,memory,10,100.0
88.83341651563093,6,4.4867628913234405,3.0,max_entropy,memory,10,100.0
88.84479924330093,7,4.486891018765929,3.0,max_entropy,memory,10,100.0
91.16117679268055,8,4.512629113384558,3.0,max_entropy,memory,10,100.0
92.51906989852252,9,4.527414784335216,3.0,max_entropy,memory,10,100.0
99.71398203843385,10,4.602305908242589,3.0,max_entropy,memory,10,100.0
99.87361375037146,11,4.60390552414402,3.0,max_entropy,memory,10,100.0
98.62820189945495,12,4.5913572440327615,3.0,max_entropy,memory,10,100.0
96.83428867132585,13,4.573001153372014,3.0,max_entropy,memory,10,100.0
104.4802722131985,14,4.64899827093436,3.0,max_entropy,memory,10,100.0
109.32050771763876,15,4.694284005374355,3.0,max_entropy,memory,10,100.0
108.8329640552865,16,4.689814266982465,3.0,max_entropy,memory,10,100.0
103.72807164555957,17,4.641772779138474,3.0,max_entropy,memory,10,100.0
105.00534865287479,18,4.654011288411337,3.0,max_entropy,memory,10,100.0
101.48619736424504,19,4.61992280267567,3.0,max_entropy,memory,10,100.0
102.16043624556141,20,4.626544481934053,3.0,max_entropy,memory,10,100.0
99.52949449181881,21,4.600454027292184,3.0,max_entropy,memory,10,100.0
106.24174031861476,22,4.665717066605014,3.0,max_entropy,memory,10,100.0
104.10732859988225,23,4.64542237275761,3.0,max_entropy,memory,10,100.0
105.00531786410998,24,4.654010995199899,3.0,max_entropy,memory,10,100.0
105.76117186855086,25,4.66118345649349,3.0,max_entropy,memory,10,100.0
101.98276497685572,26,4.624803828191955,3.0,max_entropy,memory,10,100.0
106.53381351451645,27,4.66846243254661,3.0,max_entropy,memory,10,100.0
102.93316887743431,28,4.634079931787916,3.0,max_entropy,memory,10,100.0
103.1680467583039,29,4.63635918066888,3.0,max_entropy,memory,10,100.0
91.47950838712944,30,4.51611499514724,3.0,max_entropy,memory,10,100.0
38.92660404759516,31,3.661677925543973,3.0,max_entropy,memory,10,100.0
41.505717630264286,32,3.725831191969892,3.0,max_entropy,memory,10,100.0
43.62139659793859,33,3.7755477776368798,3.0,max_entropy,memory,10,100.0
44.04725654355477,34,3.785263069933137,3.0,max_entropy,memory,10,100.0
46.34367869696457,35,3.836084900768489,3.0,max_entropy,memory,10,100.0
47.35972235899473,36,3.8577721282062596,3.0,max_entropy,memory,10,100.0
50.101610378041336,37,3.9140531508485132,3.0,max_entropy,memory,10,100.0
50.90454248681728,38,3.9299521629304643,3.0,max_entropy,memory,10,100.0
53.8626882558027,39,3.9864379980540234,3.0,max_entropy,memory,10,100.0
53.96710990568668,40,3.9883747851816285,3.0,max_entropy,memory,10,100.0
56.71228413057048,41,4.037990838601008,3.0,max_entropy,memory,10,100.0
60.99824628789236,42,4.110845114381226,3.0,max_entropy,memory,10,100.0
63.43869110154397,43,4.1500739450447695,3.0,max_entropy,memory,10,100.0
64.73337372442573,44,4.170276891150182,3.0,max_entropy,memory,10,100.0
64.76684016663609,45,4.170793746558368,3.0,max_entropy,memory,10,100.0
65.1506260043625,46,4.176701912187201,3.0,max_entropy,memory,10,100.0
65.57563873997343,47,4.183204266307457,3.0,max_entropy,memory,10,100.0
66.49109024662394,48,4.197067957431743,3.0,max_entropy,memory,10,100.0
66.51312675241078,49,4.1973993229551185,3.0,max_entropy,memory,10,100.0
67.49060592096428,50,4.211988416651956,3.0,max_entropy,memory,10,100.0
68.80460543091554,51,4.2312706821017985,3.0,max_entropy,memory,10,100.0
70.30098015348791,52,4.252785741158797,3.0,max_entropy,memory,10,100.0
79.02374568059957,1,4.369748385537871,5.0,min_entropy,memoryless,5,100.0
79.71771991114782,2,4.378491893720667,5.0,min_entropy,memoryless,5,100.0
80.70424073066123,3,4.390791123221892,5.0,min_entropy,memoryless,5,100.0
81.881349758793,4,4.405271245254105,5.0,min_entropy,memoryless,5,100.0
82.62693452224339,5,4.4143357111775625,5.0,min_entropy,memoryless,5,100.0
78.54963170277537,1,4.36373067599268,5.0,med_entropy,memoryless,5,100.0
79.89093470793084,2,4.3806623883620555,5.0,med_entropy,memoryless,5,100.0
82.45587909099984,3,4.412263351387727,5.0,med_entropy,memoryless,5,100.0
81.96733709060017,4,4.406320839747105,5.0,med_entropy,memoryless,5,100.0
82.34659559634477,5,4.410937115105406,5.0,med_entropy,memoryless,5,100.0
86.04074363095863,6,4.454820947213861,5.0,med_entropy,memoryless,5,100.0
83.99785287392773,7,4.430791237491955,5.0,med_entropy,memoryless,5,100.0
88.94108898774492,8,4.487974229079382,5.0,med_entropy,memoryless,5,100.0
91.87449549263928,9,4.520423466281344,5.0,med_entropy,memoryless,5,100.0
88.83162995531883,10,4.486742779766917,5.0,med_entropy,memoryless,5,100.0
94.71895702989967,11,4.55091415998871,5.0,med_entropy,memoryless,5,100.0
95.74248435161962,12,4.561662132568782,5.0,med_entropy,memoryless,5,100.0
88.54602696420885,13,4.483522495511459,5.0,med_entropy,memoryless,5,100.0
83.09881602457263,14,4.4200304541615,5.0,med_entropy,memoryless,5,100.0
90.31138752490946,15,4.503263560167597,5.0,med_entropy,memoryless,5,100.0
56.97535378739996,16,4.042618784632433,5.0,med_entropy,memoryless,5,100.0
69.312756724918,17,4.238628968979911,5.0,med_entropy,memoryless,5,100.0
69.62304879141921,18,4.243095673314993,5.0,med_entropy,memoryless,5,100.0
116.61934268568012,19,4.758915149400833,5.0,med_entropy,memoryless,5,100.0
116.8523558937008,20,4.760911222473542,5.0,med_entropy,memoryless,5,100.0
120.30442065269165,21,4.79002536921065,5.0,med_entropy,memoryless,5,100.0
120.76653088641535,22,4.7938591849133445,5.0,med_entropy,memoryless,5,100.0
122.73406343613075,23,4.810019928805168,5.0,med_entropy,memoryless,5,100.0
53.24637630806883,1,3.9749297517212927,5.0,max_entropy,memoryless,5,100.0
53.88660903200088,2,3.986882006083649,5.0,max_entropy,memoryless,5,100.0
53.46633276399084,3,3.9790521616822887,5.0,max_entropy,memoryless,5,100.0
51.59335253138901,4,3.943392837277552,5.0,max_entropy,memoryless,5,100.0
52.639399347326076,5,3.963464876376848,5.0,max_entropy,memoryless,5,100.0
54.82572486580042,6,4.004159515662978,5.0,max_entropy,memoryless,5,100.0
56.12086239769862,7,4.027507622145744,5.0,max_entropy,memoryless,5,100.0
59.21657231097836,8,4.081201440400163,5.0,max_entropy,memoryless,5,100.0
58.62978951405459,9,4.071242920897269,5.0,max_entropy,memoryless,5,100.0
58.579219763482655,10,4.07038002214876,5.0,max_entropy,memoryless,5,100.0
57.94874769710369,11,4.0595589594936525,5.0,max_entropy,memoryless,5,100.0
61.177370764646575,12,4.113777362393054,5.0,max_entropy,memoryless,5,100.0
62.9204245382878,13,4.141870825438258,5.0,max_entropy,memoryless,5,100.0
60.62862497713407,14,4.104767140907354,5.0,max_entropy,memoryless,5,100.0
59.980445674131104,15,4.094018603672236,5.0,max_entropy,memoryless,5,100.0
63.743719479701866,16,4.154870661219861,5.0,max_entropy,memoryless,5,100.0
62.120565786106795,17,4.129077106193079,5.0,max_entropy,memoryless,5,100.0
56.10235011967503,18,4.027177703267532,5.0,max_entropy,memoryless,5,100.0
56.73023626330181,19,4.038307336027526,5.0,max_entropy,memoryless,5,100.0
57.980462319254364,20,4.060106097232922,5.0,max_entropy,memoryless,5,100.0
59.6643317061296,21,4.088734382990091,5.0,max_entropy,memoryless,5,100.0
37.10989683936285,22,3.613883695207765,5.0,max_entropy,memoryless,5,100.0
37.97516462430358,23,3.6369323835429754,5.0,max_entropy,memoryless,5,100.0
39.01703346401633,24,3.6639983062673287,5.0,max_entropy,memoryless,5,100.0
39.61551017078272,25,3.6792207125567407,5.0,max_entropy,memoryless,5,100.0
39.63185449540064,26,3.6796332013484756,5.0,max_entropy,memoryless,5,100.0
39.94945858466134,27,3.687615119796579,5.0,max_entropy,memoryless,5,100.0
42.43251779330832,28,3.7479149973855375,5.0,max_entropy,memoryless,5,100.0
42.81351968132853,29,3.756853933112912,5.0,max_entropy,memoryless,5,100.0
42.866267988862845,30,3.7580852226768298,5.0,max_entropy,memoryless,5,100.0
43.243508604773794,31,3.766847132050214,5.0,max_entropy,memoryless,5,100.0
68.28653283138354,1,4.223712570434769,5.0,min_entropy,memoryless,10,100.0
69.07896545656199,2,4.235250277146678,5.0,min_entropy,memoryless,10,100.0
69.68624356500445,3,4.244002931931429,5.0,min_entropy,memoryless,10,100.0
70.27916697008538,4,4.252475410233359,5.0,min_entropy,memoryless,10,100.0
70.7502948315175,5,4.259156703744593,5.0,min_entropy,memoryless,10,100.0
71.38901499258542,6,4.268144005864698,5.0,min_entropy,memoryless,10,100.0
72.05439483395563,7,4.2774213175867555,5.0,min_entropy,memoryless,10,100.0
73.52528638730115,8,4.297629379533475,5.0,min_entropy,memoryless,10,100.0
74.30639848095105,9,4.30819706485236,5.0,min_entropy,memoryless,10,100.0
75.12869748863606,10,4.319202609462997,5.0,min_entropy,memoryless,10,100.0
68.55514552749568,1,4.227638465590927,5.0,med_entropy,memoryless,10,100.0
69.90829557929705,2,4.247184320013518,5.0,med_entropy,memoryless,10,100.0
71.1738229960694,3,4.265125096266839,5.0,med_entropy,memoryless,10,100.0
75.27683607740192,4,4.321172465666501,5.0,med_entropy,memoryless,10,100.0
79.01230766326628,5,4.369603633538422,5.0,med_entropy,memoryless,10,100.0
81.89597604763777,6,4.405449857144507,5.0,med_entropy,memoryless,10,100.0
81.830609615987,7,4.404651374297524,5.0,med_entropy,memoryless,10,100.0
83.82798390244757,8,4.428766888526943,5.0,med_entropy,memoryless,10,100.0
87.13547156627367,9,4.467464052002175,5.0,med_entropy,memoryless,10,100.0
86.86937619235827,10,4.464405567313138,5.0,med_entropy,memoryless,10,100.0
88.50483100444019,11,4.483057138144827,5.0,med_entropy,memoryless,10,100.0
87.40271118983532,12,4.47052630265903,5.0,med_entropy,memoryless,10,100.0
90.15688905887464,13,4.501551364465354,5.0,med_entropy,memoryless,10,100.0
85.72493025548296,14,4.451143684764319,5.0,med_entropy,memoryless,10,100.0
88.45034078264396,15,4.482441273426455,5.0,med_entropy,memoryless,10,100.0
91.33975307430565,16,4.514586104384528,5.0,med_entropy,memoryless,10,100.0
93.17583048000232,17,4.534488358446097,5.0,med_entropy,memoryless,10,100.0
95.0827172555172,18,4.554747220707077,5.0,med_entropy,memoryless,10,100.0
94.34232298752586,19,4.54692990112224,5.0,med_entropy,memoryless,10,100.0
95.85396925473384,20,4.562825879742571,5.0,med_entropy,memoryless,10,100.0
97.56301002411027,21,4.580498425927435,5.0,med_entropy,memoryless,10,100.0
98.50719596913282,22,4.5901296010338095,5.0,med_entropy,memoryless,10,100.0
102.59401432463937,23,4.630779591119034,5.0,med_entropy,memoryless,10,100.0
103.4014234238784,24,4.6386187281679545,5.0,med_entropy,memoryless,10,100.0
105.77964201484916,25,4.661358081389804,5.0,med_entropy,memoryless,10,100.0
111.47335802472853,26,4.713785620866854,5.0,med_entropy,memoryless,10,100.0
112.54243605568301,27,4.72333035990275,5.0,med_entropy,memoryless,10,100.0
113.05692425215764,28,4.72789144631454,5.0,med_entropy,memoryless,10,100.0
113.5736887161338,29,4.7324518660462065,5.0,med_entropy,memoryless,10,100.0
113.98378120870218,30,4.736056168174041,5.0,med_entropy,memoryless,10,100.0
114.39103391766245,31,4.739622701028621,5.0,med_entropy,memoryless,10,100.0
114.97762944756028,32,4.744737582897554,5.0,med_entropy,memoryless,10,100.0
114.5065314514267,33,4.7406318646112915,5.0,med_entropy,memoryless,10,100.0
115.47421174534088,34,4.749047230100176,5.0,med_entropy,memoryless,10,100.0
116.44832280738807,35,4.757447593542114,5.0,med_entropy,memoryless,10,100.0
117.47994881361123,36,4.766267670627322,5.0,med_entropy,memoryless,10,100.0
118.33690836098936,37,4.773535711852267,5.0,med_entropy,memoryless,10,100.0
114.59147942913953,38,4.741373450985432,5.0,med_entropy,memoryless,10,100.0
126.42231223468569,39,4.839627986978819,5.0,med_entropy,memoryless,10,100.0
127.54007268543846,40,4.84843061079004,5.0,med_entropy,memoryless,10,100.0
119.24292153572874,41,4.7811627698157295,5.0,med_entropy,memoryless,10,100.0
125.10696295196749,42,4.829169075012425,5.0,med_entropy,memoryless,10,100.0
125.35997688338556,43,4.83118941364591,5.0,med_entropy,memoryless,10,100.0
117.55496670920809,44,4.7669060259795675,5.0,med_entropy,memoryless,10,100.0
118.26402920168498,45,4.772919660518235,5.0,med_entropy,memoryless,10,100.0
118.65726299015967,46,4.776239194578966,5.0,med_entropy,memoryless,10,100.0
118.90302942483899,47,4.7783082821344705,5.0,med_entropy,memoryless,10,100.0
123.49197625249307,48,4.816176184341974,5.0,med_entropy,memoryless,10,100.0
123.5350239466216,49,4.81652471057214,5.0,med_entropy,memoryless,10,100.0
123.61661914517018,50,4.817184995088094,5.0,med_entropy,memoryless,10,100.0
124.37732286600546,51,4.823319871613949,5.0,med_entropy,memoryless,10,100.0
126.399197310764,52,4.8394451313030675,5.0,med_entropy,memoryless,10,100.0
126.44092108420344,53,4.8397751720741535,5.0,med_entropy,memoryless,10,100.0
127.29553935552876,54,4.846511464537246,5.0,med_entropy,memoryless,10,100.0
127.49330148946252,55,4.848063825880797,5.0,med_entropy,memoryless,10,100.0
127.615834425341,56,4.84902445745412,5.0,med_entropy,memoryless,10,100.0
128.80248850357475,57,4.8582801341635395,5.0,med_entropy,memoryless,10,100.0
129.27063309630958,58,4.86190813775667,5.0,med_entropy,memoryless,10,100.0
129.85109375194563,59,4.866388361268859,5.0,med_entropy,memoryless,10,100.0
130.3576335053105,60,4.8702817002706045,5.0,med_entropy,memoryless,10,100.0
130.90600213807056,61,4.874479524714687,5.0,med_entropy,memoryless,10,100.0
133.22007140041535,62,4.89200243294357,5.0,med_entropy,memoryless,10,100.0
133.27007453441567,63,4.892377704865252,5.0,med_entropy,memoryless,10,100.0
83.41436013001994,1,4.4238204783559585,5.0,max_entropy,memoryless,10,100.0
80.9363221592167,2,4.39366269931497,5.0,max_entropy,memoryless,10,100.0
83.8112750790478,3,4.428567545920007,5.0,max_entropy,memoryless,10,100.0
85.4133797994426,4,4.447502760647349,5.0,max_entropy,memoryless,10,100.0
85.9594692668311,5,4.453875897567617,5.0,max_entropy,memoryless,10,100.0
89.58244093844816,6,4.495159329106823,5.0,max_entropy,memoryless,10,100.0
91.38730398743274,7,4.515106562766173,5.0,max_entropy,memoryless,10,100.0
93.20135615678385,8,4.534762272624134,5.0,max_entropy,memoryless,10,100.0
92.08648235369422,9,4.522728161085313,5.0,max_entropy,memoryless,10,100.0
96.87150988372744,10,4.573385460017838,5.0,max_entropy,memoryless,10,100.0
91.85134777075369,11,4.520171485159942,5.0,max_entropy,memoryless,10,100.0
90.20809526853473,12,4.502119171029658,5.0,max_entropy,memoryless,10,100.0
90.2397090511331,13,4.502469563577143,5.0,max_entropy,memoryless,10,100.0
92.38177734185437,14,4.525929744283224,5.0,max_entropy,memoryless,10,100.0
81.74070765988797,15,4.403552135547738,5.0,max_entropy,memoryless,10,100.0
82.29592884899098,16,4.410321639254025,5.0,max_entropy,memoryless,10,100.0
83.68260190787346,17,4.4270310933785515,5.0,max_entropy,memoryless,10,100.0
84.70016593878934,18,4.439117560791737,5.0,max_entropy,memoryless,10,100.0
90.7470221843476,19,4.50807565921097,5.0,max_entropy,memoryless,10,100.0
100.17216599947199,20,4.606890365625114,5.0,max_entropy,memoryless,10,100.0
101.16649766900186,21,4.616767651342422,5.0,max_entropy,memoryless,10,100.0
101.52525953135722,22,4.62030762989864,5.0,max_entropy,memoryless,10,100.0
90.09774705875866,23,4.500895159404425,5.0,max_entropy,memoryless,10,100.0
90.49284076822072,24,4.505270740043242,5.0,max_entropy,memoryless,10,100.0
100.14633549609766,25,4.606632471288599,5.0,max_entropy,memoryless,10,100.0
101.0682172352725,26,4.615795707020076,5.0,max_entropy,memoryless,10,100.0
102.13620940481196,27,4.6263073087706275,5.0,max_entropy,memoryless,10,100.0
103.20806071759016,28,4.6367469577258,5.0,max_entropy,memoryless,10,100.0
101.71587405275591,29,4.622183377921946,5.0,max_entropy,memoryless,10,100.0
177.13026464837856,30,5.176885420354614,5.0,max_entropy,memoryless,10,100.0
177.477658342986,31,5.178844732503148,5.0,max_entropy,memoryless,10,100.0
177.54667414959732,32,5.17923352730488,5.0,max_entropy,memoryless,10,100.0
177.61206535775517,33,5.179601763823499,5.0,max_entropy,memoryless,10,100.0
178.72556373999822,34,5.185851465879292,5.0,max_entropy,memoryless,10,100.0
179.3616464018168,35,5.189404138596042,5.0,max_entropy,memoryless,10,100.0
179.96341947668847,36,5.1927536051076775,5.0,max_entropy,memoryless,10,100.0
182.50041580376137,37,5.206752451396725,5.0,max_entropy,memoryless,10,100.0
182.7412872410895,38,5.2080714216580075,5.0,max_entropy,memoryless,10,100.0
182.9619712359517,39,5.2092783237926445,5.0,max_entropy,memoryless,10,100.0
183.7196627018265,40,5.2134110235198445,5.0,max_entropy,memoryless,10,100.0
185.47260045046232,41,5.222907164671305,5.0,max_entropy,memoryless,10,100.0
185.8947167727304,42,5.225180474596441,5.0,max_entropy,memoryless,10,100.0
83.1558349049572,1,4.420716376417526,5.0,min_entropy,memory,5,100.0
84.07171890033847,2,4.431670230999071,5.0,min_entropy,memory,5,100.0
85.05580930446537,3,4.443307621088471,5.0,min_entropy,memory,5,100.0
86.1816417210461,4,4.456457181913951,5.0,min_entropy,memory,5,100.0
87.0269237007436,5,4.4662175386039324,5.0,min_entropy,memory,5,100.0
78.30343645438943,1,4.360591490340072,5.0,med_entropy,memory,5,100.0
76.9636517920234,2,4.343333255751765,5.0,med_entropy,memory,5,100.0
78.64560293777294,3,4.36495172123799,5.0,med_entropy,memory,5,100.0
80.63447731397912,4,4.389926316288063,5.0,med_entropy,memory,5,100.0
80.00099692885631,5,4.38203909620694,5.0,med_entropy,memory,5,100.0
82.25219101748846,6,4.40979002780118,5.0,med_entropy,memory,5,100.0
83.77962793467894,7,4.428189874528829,5.0,med_entropy,memory,5,100.0
88.09903097404185,8,4.478461533722072,5.0,med_entropy,memory,5,100.0
86.63996319665219,9,4.4617611779079285,5.0,med_entropy,memory,5,100.0
90.24525632653729,10,4.502531034352776,5.0,med_entropy,memory,5,100.0
94.72162518517031,11,4.550942328771129,5.0,med_entropy,memory,5,100.0
93.94067811718152,12,4.542663499192995,5.0,med_entropy,memory,5,100.0
98.5920861111298,13,4.5909909958227715,5.0,med_entropy,memory,5,100.0
94.1253737569206,14,4.544627656969232,5.0,med_entropy,memory,5,100.0
89.21004165391156,15,4.490993607845341,5.0,med_entropy,memory,5,100.0
89.72762714139674,16,4.496778716531428,5.0,med_entropy,memory,5,100.0
99.22375405073912,17,4.597377441782422,5.0,med_entropy,memory,5,100.0
99.7798391515338,18,4.602966150400461,5.0,med_entropy,memory,5,100.0
93.8719775764793,19,4.541931913310108,5.0,med_entropy,memory,5,100.0
105.613207895706,20,4.659783438220908,5.0,med_entropy,memory,5,100.0
121.5491792677605,21,4.800318948520171,5.0,med_entropy,memory,5,100.0
122.74801618390562,22,4.810133605109455,5.0,med_entropy,memory,5,100.0
122.78966261589082,23,4.8104728315172975,5.0,med_entropy,memory,5,100.0
134.46592481111335,24,4.90131081981482,5.0,med_entropy,memory,5,100.0
134.53451443754784,25,4.901820779041001,5.0,med_entropy,memory,5,100.0
135.97587715416142,26,4.9124774961369875,5.0,med_entropy,memory,5,100.0
136.9140875614433,27,4.919353631028221,5.0,med_entropy,memory,5,100.0
137.0774659971781,28,4.920546211259082,5.0,med_entropy,memory,5,100.0
72.226480759304,1,4.279806748174727,5.0,max_entropy,memory,5,100.0
70.66547561929437,2,4.257957131417918,5.0,max_entropy,memory,5,100.0
72.21268866680448,3,4.279615773765276,5.0,max_entropy,memory,5,100.0
72.7490641615845,4,4.287016042210574,5.0,max_entropy,memory,5,100.0
71.80395792708356,5,4.273939598867528,5.0,max_entropy,memory,5,100.0
73.01239116638993,6,4.290629168749189,5.0,max_entropy,memory,5,100.0
71.4005128147947,7,4.268305051599784,5.0,max_entropy,memory,5,100.0
74.0160661728077,8,4.304282180082455,5.0,max_entropy,memory,5,100.0
70.6110898664395,9,4.257187212424567,5.0,max_entropy,memory,5,100.0
73.84170659650559,10,4.301923702014537,5.0,max_entropy,memory,5,100.0
75.40823693736091,11,4.32291651224838,5.0,max_entropy,memory,5,100.0
75.98581896001335,12,4.3305467302443565,5.0,max_entropy,memory,5,100.0
76.19675554973671,13,4.333318883698683,5.0,max_entropy,memory,5,100.0
82.84448719227073,14,4.416965202036151,5.0,max_entropy,memory,5,100.0
87.87188815833977,15,4.4758799373654234,5.0,max_entropy,memory,5,100.0
92.5493929253655,16,4.527742479574606,5.0,max_entropy,memory,5,100.0
93.32156054149411,17,4.536051169489772,5.0,max_entropy,memory,5,100.0
101.36110897230726,18,4.618689476879505,5.0,max_entropy,memory,5,100.0
107.49918648245705,19,4.677483279934032,5.0,max_entropy,memory,5,100.0
108.09636324872702,20,4.683023081606781,5.0,max_entropy,memory,5,100.0
105.7646302231142,21,4.661216155620778,5.0,max_entropy,memory,5,100.0
87.5594766298145,22,4.472318295361952,5.0,max_entropy,memory,5,100.0
87.80722894431261,23,4.475143831469479,5.0,max_entropy,memory,5,100.0
89.35425117176936,24,4.4926088193406315,5.0,max_entropy,memory,5,100.0
89.98927626464868,25,4.499690510616014,5.0,max_entropy,memory,5,100.0
90.28093194530275,26,4.5029262747283845,5.0,max_entropy,memory,5,100.0
90.77858086928637,27,4.508423364269936,5.0,max_entropy,memory,5,100.0
90.90023645927519,28,4.509762602492208,5.0,max_entropy,memory,5,100.0
91.28334712378887,29,4.513968373634703,5.0,max_entropy,memory,5,100.0
150.9451005336836,30,5.016916198081762,5.0,max_entropy,memory,5,100.0
72.43902297984026,1,4.2827451456222185,5.0,min_entropy,memory,10,100.0
72.84936115300758,2,4.288393763254891,5.0,min_entropy,memory,10,100.0
73.46193252956843,3,4.296767347281653,5.0,min_entropy,memory,10,100.0
73.6880686782258,4,4.299840895699204,5.0,min_entropy,memory,10,100.0
74.07313620732299,5,4.30505293225646,5.0,min_entropy,memory,10,100.0
74.63205755873088,6,4.312570140892295,5.0,min_entropy,memory,10,100.0
74.8730049910585,7,4.315793411553877,5.0,min_entropy,memory,10,100.0
75.22755372008032,8,4.320517569697694,5.0,min_entropy,memory,10,100.0
75.87066680836921,9,4.329030138139215,5.0,min_entropy,memory,10,100.0
77.21352246973203,10,4.346574603216768,5.0,min_entropy,memory,10,100.0
62.528933600354314,1,4.135629387225471,5.0,med_entropy,memory,10,100.0
63.584595625501564,2,4.152371233862986,5.0,med_entropy,memory,10,100.0
62.869180611506735,3,4.141056069249863,5.0,med_entropy,memory,10,100.0
61.91479177354576,4,4.125759113559505,5.0,med_entropy,memory,10,100.0
59.356069688837,5,4.083554385225626,5.0,med_entropy,memory,10,100.0
60.3538630559645,6,4.100224956364269,5.0,med_entropy,memory,10,100.0
60.69340945231613,7,4.1058351164263,5.0,med_entropy,memory,10,100.0
61.0809322108955,8,4.112199742363886,5.0,med_entropy,memory,10,100.0
59.732630024505774,9,4.0898784376600865,5.0,med_entropy,memory,10,100.0
63.314744409241015,10,4.14811823108231,5.0,med_entropy,memory,10,100.0
62.844389024037866,11,4.140661655379313,5.0,med_entropy,memory,10,100.0
60.70726511048551,12,4.106063379708681,5.0,med_entropy,memory,10,100.0
66.20178905875618,13,4.192707487634532,5.0,med_entropy,memory,10,100.0
67.68364048025249,14,4.2148445034531985,5.0,med_entropy,memory,10,100.0
75.30558344821333,15,4.321554281435581,5.0,med_entropy,memory,10,100.0
56.77331069404363,16,4.039066333150776,5.0,med_entropy,memory,10,100.0
55.52344769937092,17,4.016805412602136,5.0,med_entropy,memory,10,100.0
56.3832402102277,18,4.032171954950286,5.0,med_entropy,memory,10,100.0
56.781827544459404,19,4.039216336938608,5.0,med_entropy,memory,10,100.0
54.11453856190702,20,3.9911028847202163,5.0,med_entropy,memory,10,100.0
59.50466315254795,21,4.0860546817923655,5.0,med_entropy,memory,10,100.0
86.67026035687151,22,4.462110807143951,5.0,med_entropy,memory,10,100.0
86.93020555055067,23,4.465105561640699,5.0,med_entropy,memory,10,100.0
87.34186671884805,24,4.469829920840786,5.0,med_entropy,memory,10,100.0
87.34863308566175,25,4.469907387753121,5.0,med_entropy,memory,10,100.0
87.43660101151654,26,4.470913970874821,5.0,med_entropy,memory,10,100.0
88.97939013075364,27,4.488404771350739,5.0,med_entropy,memory,10,100.0
91.33755318922488,28,4.5145620194543765,5.0,med_entropy,memory,10,100.0
92.28110282081326,29,4.524839384044863,5.0,med_entropy,memory,10,100.0
92.45503249679253,30,4.526722391146557,5.0,med_entropy,memory,10,100.0
92.50801403830944,31,4.527295279017497,5.0,med_entropy,memory,10,100.0
92.52522995200783,32,4.527481363565082,5.0,med_entropy,memory,10,100.0
93.21115622553826,33,4.534867416518588,5.0,med_entropy,memory,10,100.0
80.12921552793517,1,4.383640525749984,5.0,max_entropy,memory,10,100.0
81.30618425887577,2,4.39822208080565,5.0,max_entropy,memory,10,100.0
84.58020976302669,3,4.437700312095969,5.0,max_entropy,memory,10,100.0
87.08779565614131,4,4.466916755282483,5.0,max_entropy,memory,10,100.0
88.08055633000873,5,4.478251808584404,5.0,max_entropy,memory,10,100.0
87.89266172895847,6,4.476116316893932,5.0,max_entropy,memory,10,100.0
88.8437181526259,7,4.486878850386217,5.0,max_entropy,memory,10,100.0
90.37184270249386,8,4.503932744349929,5.0,max_entropy,memory,10,100.0
91.48742120415929,9,4.516201489652585,5.0,max_entropy,memory,10,100.0
93.47526533096926,10,4.537696859382489,5.0,max_entropy,memory,10,100.0
92.04007121605035,11,4.522224038917956,5.0,max_entropy,memory,10,100.0
92.94066017772681,12,4.531961226899592,5.0,max_entropy,memory,10,100.0
89.48837883410597,13,4.494108771421178,5.0,max_entropy,memory,10,100.0
91.89775847619003,14,4.520676638163091,5.0,max_entropy,memory,10,100.0
90.32080245272735,15,4.503367804353836,5.0,max_entropy,memory,10,100.0
93.79113755572223,16,4.541070369200064,5.0,max_entropy,memory,10,100.0
94.99739556769362,17,4.553849476147832,5.0,max_entropy,memory,10,100.0
96.96243498209775,18,4.574323635269881,5.0,max_entropy,memory,10,100.0
105.40458788510198,19,4.657806163481583,5.0,max_entropy,memory,10,100.0
100.47611367794092,20,4.609920024403629,5.0,max_entropy,memory,10,100.0
107.93728075648875,21,4.681550324696855,5.0,max_entropy,memory,10,100.0
108.48699789600778,22,4.6866303307398836,5.0,max_entropy,memory,10,100.0
104.30312171712744,23,4.647301291732629,5.0,max_entropy,memory,10,100.0
105.1029681229269,24,4.654940518425402,5.0,max_entropy,memory,10,100.0
89.31891619969838,25,4.492213292994382,5.0,max_entropy,memory,10,100.0
89.61170671739815,26,4.495485966774325,5.0,max_entropy,memory,10,100.0
92.05129281945632,27,4.522345952332837,5.0,max_entropy,memory,10,100.0
106.8118551936421,28,4.671068924051428,5.0,max_entropy,memory,10,100.0
107.732750973582,29,4.679653632397222,5.0,max_entropy,memory,10,100.0
108.27768954522446,30,4.684699126738843,5.0,max_entropy,memory,10,100.0
108.65078281988488,31,4.6881389116455106,5.0,max_entropy,memory,10,100.0
109.92371942413124,32,4.699786665457341,5.0,max_entropy,memory,10,100.0
111.4587214646686,33,4.713654311275929,5.0,max_entropy,memory,10,100.0
111.40200668949815,34,4.713145340701664,5.0,max_entropy,memory,10,100.0
112.88797887962494,35,4.726395989664033,5.0,max_entropy,memory,10,100.0
113.04741949322431,36,4.727807372220416,5.0,max_entropy,memory,10,100.0
89.51241705497513,37,4.494377353701992,5.0,max_entropy,memory,10,100.0
90.46877385317993,38,4.505004750869427,5.0,max_entropy,memory,10,100.0
90.6155707782568,39,4.506626061176865,5.0,max_entropy,memory,10,100.0
138.10961724421293,40,4.928047697702411,5.0,max_entropy,memory,10,100.0
